sweep_parameter:V,band_info:CB:sign,band_info:IB:sign,band_info:VB:sign,avg:current_CB:n_contact,avg:current_CB:p_contact,tot:current_CB:n_contact,tot:current_CB:p_contact,avg:g_CB:em,avg:g_CB:bar,avg:g_CB:win,avg:g_CB:buf,avg:g_CB:I,tot:g_CB:em,tot:g_CB:bar,tot:g_CB:win,tot:g_CB:buf,tot:g_CB:I,tot:g_SRH_CB:em,tot:g_SRH_CB:bar,tot:g_SRH_CB:win,tot:g_SRH_CB:buf,tot:g_SRH_CB:I,tot:g_nr_top_CB:em,tot:g_nr_top_CB:bar,tot:g_nr_top_CB:win,tot:g_nr_top_CB:buf,tot:g_nr_top_CB:I,tot:g_nr_bottom_CB:em,tot:g_nr_bottom_CB:bar,tot:g_nr_bottom_CB:win,tot:g_nr_bottom_CB:buf,tot:g_nr_bottom_CB:I,tot:g_opt_cv_CB:em,tot:g_opt_cv_CB:bar,tot:g_opt_cv_CB:win,tot:g_opt_cv_CB:buf,tot:g_opt_cv_CB:I,tot:g_opt_ci_CB:em,tot:g_opt_ci_CB:bar,tot:g_opt_ci_CB:win,tot:g_opt_ci_CB:buf,tot:g_opt_ci_CB:I,tot:g_opt_iv_CB:em,tot:g_opt_iv_CB:bar,tot:g_opt_iv_CB:win,tot:g_opt_iv_CB:buf,tot:g_opt_iv_CB:I,tot:gother_forward_ci:em,tot:gother_forward_ci:bar,tot:gother_forward_ci:win,tot:gother_forward_ci:buf,tot:gother_forward_ci:I,tot:gabs_forward_ci:em,tot:gabs_forward_ci:bar,tot:gabs_forward_ci:win,tot:gabs_forward_ci:buf,tot:gabs_forward_ci:I,tot:gother_forward_iv:em,tot:gother_forward_iv:bar,tot:gother_forward_iv:win,tot:gother_forward_iv:buf,tot:gother_forward_iv:I,tot:gabs_forward_iv:em,tot:gabs_forward_iv:bar,tot:gabs_forward_iv:win,tot:gabs_forward_iv:buf,tot:gabs_forward_iv:I,tot:gother_forward_cv:em,tot:gother_forward_cv:bar,tot:gother_forward_cv:win,tot:gother_forward_cv:buf,tot:gother_forward_cv:I,tot:gabs_forward_cv:em,tot:gabs_forward_cv:bar,tot:gabs_forward_cv:win,tot:gabs_forward_cv:buf,tot:gabs_forward_cv:I,avg:current_IB:n_contact,avg:current_IB:p_contact,tot:current_IB:n_contact,tot:current_IB:p_contact,avg:g_IB:em,avg:g_IB:bar,avg:g_IB:win,avg:g_IB:buf,avg:g_IB:I,tot:g_IB:em,tot:g_IB:bar,tot:g_IB:win,tot:g_IB:buf,tot:g_IB:I,tot:g_SRH_IB:em,tot:g_SRH_IB:bar,tot:g_SRH_IB:win,tot:g_SRH_IB:buf,tot:g_SRH_IB:I,tot:g_nr_top_IB:em,tot:g_nr_top_IB:bar,tot:g_nr_top_IB:win,tot:g_nr_top_IB:buf,tot:g_nr_top_IB:I,tot:g_nr_bottom_IB:em,tot:g_nr_bottom_IB:bar,tot:g_nr_bottom_IB:win,tot:g_nr_bottom_IB:buf,tot:g_nr_bottom_IB:I,tot:g_opt_cv_IB:em,tot:g_opt_cv_IB:bar,tot:g_opt_cv_IB:win,tot:g_opt_cv_IB:buf,tot:g_opt_cv_IB:I,tot:g_opt_ci_IB:em,tot:g_opt_ci_IB:bar,tot:g_opt_ci_IB:win,tot:g_opt_ci_IB:buf,tot:g_opt_ci_IB:I,tot:g_opt_iv_IB:em,tot:g_opt_iv_IB:bar,tot:g_opt_iv_IB:win,tot:g_opt_iv_IB:buf,tot:g_opt_iv_IB:I,avg:current_VB:n_contact,avg:current_VB:p_contact,tot:current_VB:n_contact,tot:current_VB:p_contact,avg:g_VB:em,avg:g_VB:bar,avg:g_VB:win,avg:g_VB:buf,avg:g_VB:I,tot:g_VB:em,tot:g_VB:bar,tot:g_VB:win,tot:g_VB:buf,tot:g_VB:I,tot:g_SRH_VB:em,tot:g_SRH_VB:bar,tot:g_SRH_VB:win,tot:g_SRH_VB:buf,tot:g_SRH_VB:I,tot:g_nr_top_VB:em,tot:g_nr_top_VB:bar,tot:g_nr_top_VB:win,tot:g_nr_top_VB:buf,tot:g_nr_top_VB:I,tot:g_nr_bottom_VB:em,tot:g_nr_bottom_VB:bar,tot:g_nr_bottom_VB:win,tot:g_nr_bottom_VB:buf,tot:g_nr_bottom_VB:I,tot:g_opt_cv_VB:em,tot:g_opt_cv_VB:bar,tot:g_opt_cv_VB:win,tot:g_opt_cv_VB:buf,tot:g_opt_cv_VB:I,tot:g_opt_ci_VB:em,tot:g_opt_ci_VB:bar,tot:g_opt_ci_VB:win,tot:g_opt_ci_VB:buf,tot:g_opt_ci_VB:I,tot:g_opt_iv_VB:em,tot:g_opt_iv_VB:bar,tot:g_opt_iv_VB:win,tot:g_opt_iv_VB:buf,tot:g_opt_iv_VB:I
# ,,,,mA/cm^2,mA/cm^2,mA,mA,cm^-3/s,cm^-3/s,cm^-3/s,cm^-3/s,cm^-3/s,1/s,1/s,1/s,1/s,1/s,1/s,1/s,1/s,1/s,1/s,1/s,1/s,1/s,1/s,1/s,1/s,1/s,1/s,1/s,1/s,1/s,1/s,1/s,1/s,1/s,1/s,1/s,1/s,1/s,1/s,1/s,1/s,1/s,1/s,1/s,1/s,1/s,1/s,1/s,1/s,1/s,1/s,1/s,1/s,1/s,1/s,1/s,1/s,1/s,1/s,1/s,1/s,1/s,1/s,1/s,1/s,1/s,1/s,1/s,1/s,1/s,1/s,1/s,1/s,1/s,mA/cm^2,mA/cm^2,mA,mA,cm^-3/s,cm^-3/s,cm^-3/s,cm^-3/s,cm^-3/s,1/s,1/s,1/s,1/s,1/s,1/s,1/s,1/s,1/s,1/s,1/s,1/s,1/s,1/s,1/s,1/s,1/s,1/s,1/s,1/s,1/s,1/s,1/s,1/s,1/s,1/s,1/s,1/s,1/s,1/s,1/s,1/s,1/s,1/s,1/s,mA/cm^2,mA/cm^2,mA,mA,cm^-3/s,cm^-3/s,cm^-3/s,cm^-3/s,cm^-3/s,1/s,1/s,1/s,1/s,1/s,1/s,1/s,1/s,1/s,1/s,1/s,1/s,1/s,1/s,1/s,1/s,1/s,1/s,1/s,1/s,1/s,1/s,1/s,1/s,1/s,1/s,1/s,1/s,1/s,1/s,1/s,1/s,1/s,1/s,1/s
0.0,-1,-1,1,-112.72928916187091,8.781133644421272,-1.127292891618709e-06,8.781133644421271e-08,4.8284240136435726e+22,3.247382475243703e+22,5.497894485312467e+22,1.262962147502915e+22,-2.965130210893831e+22,4828424013.643572,3247382475.2437034,1649368345.5937395,3788886442.508744,-5930260421.78766,-16286310.289568132,-599973.6061293131,-3354500.123330883,-12922694.431678519,-137.11879842981216,0.0,0.0,0.0,0.0,-9903040398.92233,0.0,0.0,0.0,0.0,0.0,4844710323.932863,3247982448.8498282,1652807295.454524,3801809137.0069146,3967094720.161392,0.0,0.0,0.0,0.0,5685394.092074107,0.0,0.0,0.0,0.0,0.0,0.0,0.0,0.0,0.0,0.0,1.6527275845708568e-06,1832.1221058561791,1.4752447866020422e-34,1.4748959723966102e-25,5683564.984456747,0.0,0.0,0.0,0.0,0.0,2844659.245553074,219974.89176016397,2.52720476825346e-22,1.7701580189649093e-23,21809470255.63546,0.0,0.0,0.0,0.0,0.0,4845058756.366288,3247676215.7150564,1652922772.8063562,3802443809.369982,3967520192.654227,0.0,0.0,0.0,0.0,0.0,0.0,0.0,0.0,7230993360.2809925,0.0,0.0,0.0,0.0,0.0014461986720561981,0.0,0.0,0.0,0.0,0.0,0.0,0.0,0.0,0.0,9903040398.92233,0.0,0.0,0.0,0.0,-31709889863.06714,0.0,0.0,0.0,0.0,0.0,0.0,0.0,0.0,0.0,-5685394.092074107,0.0,0.0,0.0,0.0,21812534858.23831,53.516828026312076,-67.99359477998028,5.351682802631207e-07,-6.799359477998027e-07,4.8284240136435726e+22,3.247382475243703e+22,5.497894485312467e+22,1.262962147502915e+22,-2.9651302108931065e+22,4828424013.643572,3247382475.2437034,1649368345.5937395,3788886442.508744,-5930260421.786212,-16286310.289568132,-599973.6061293131,-3354500.123330883,-12922694.431678519,-137.11879842981216,0.0,0.0,0.0,0.0,0.0,0.0,0.0,0.0,0.0,-31709889863.06714,4844710323.932863,3247982448.8498282,1652807295.454524,3801809137.0069146,3967094720.161392,0.0,0.0,0.0,0.0,0.0,0.0,0.0,0.0,0.0,21812534858.23831
0.024,-1,-1,1,-112.73246197153563,8.781120498377554,-1.127324619715356e-06,8.781120498377551e-08,4.82842312014743e+22,3.247368943686718e+22,5.497894245335863e+22,1.2630369303935614e+22,-2.9651365355030994e+22,4828423120.147429,3247368943.686718,1649368273.6007583,3789110791.1806817,-5930273071.006198,-16287152.181842593,-613505.1630921608,-3354568.060438901,-12682986.663985915,-137.12322271780212,0.0,0.0,0.0,0.0,-9903013417.938723,0.0,0.0,0.0,0.0,0.0,4844710272.328994,3247982448.8498054,1652807293.657226,3801793777.9133954,3967094720.1608577,0.0,0.0,0.0,0.0,5645763.894890783,0.0,0.0,0.0,0.0,0.0,0.0,0.0,0.0,0.0,0.0,1.6567860707866031e-06,1777.5695031181822,1.4788501165560017e-34,1.4309698017842568e-25,5643989.339867944,0.0,0.0,0.0,0.0,0.0,2844659.2455530316,220202.47207214808,2.5272047682534186e-22,1.7719905240938006e-23,21809637416.540733,0.0,0.0,0.0,0.0,0.0,4845058756.366289,3247676215.715056,1652922772.8063564,3802443809.3699803,3967520192.6542253,0.0,0.0,0.0,0.0,0.0,0.0,0.0,0.0,-300815869122.74365,0.0,0.0,0.0,0.0,-0.06016317382454872,0.0,0.0,0.0,0.0,0.0,0.0,0.0,0.0,0.0,9903013417.938723,0.0,0.0,0.0,0.0,-31710069900.827736,0.0,0.0,0.0,0.0,0.0,0.0,0.0,0.0,0.0,-5645763.894890783,0.0,0.0,0.0,0.0,21812702246.72373,54.8912090146391,-66.62237345527465,5.48912090146391e-07,-6.662237345527465e-07,4.82842312014743e+22,3.247368943686718e+22,5.497894245335863e+22,1.2630369303935614e+22,-2.9651365355331785e+22,4828423120.147429,3247368943.686718,1649368273.6007583,3789110791.1806817,-5930273071.066356,-16287152.181842593,-613505.1630921608,-3354568.060438901,-12682986.663985915,-137.12322271780212,0.0,0.0,0.0,0.0,0.0,0.0,0.0,0.0,0.0,-31710069900.827736,4844710272.328994,3247982448.8498054,1652807293.657226,3801793777.9133954,3967094720.1608577,0.0,0.0,0.0,0.0,0.0,0.0,0.0,0.0,0.0,21812702246.72373
0.048,-1,-1,1,-112.73551256033748,8.78110690633481,-1.1273551256033748e-06,8.781106906334808e-08,4.82842238520283e+22,3.2473528553138115e+22,5.497893990425272e+22,1.2631103187707098e+22,-2.9651433953586567e+22,4828422385.202828,3247352855.313812,1649368197.1275806,3789330956.3121276,-5930286790.717313,-16287842.446576249,-629593.5359550585,-3354640.225357959,-12449289.479001937,-137.1292605654939,0.0,0.0,0.0,0.0,-9902987145.55406,0.0,0.0,0.0,0.0,0.0,4844710227.649126,3247982448.849762,1652807291.7471812,3801780245.861844,3967094720.160384,0.0,0.0,0.0,0.0,5605771.805615747,0.0,0.0,0.0,0.0,0.0,0.0,0.0,0.0,0.0,0.0,1.6603540428879497e-06,1723.449615680103,1.4820196421030769e-34,1.3873925329358592e-25,5604051.3704723455,0.0,0.0,0.0,0.0,0.0,2844659.2455529897,220428.19208164056,2.5272047682533814e-22,1.7738080298906305e-23,21809806105.42899,0.0,0.0,0.0,0.0,0.0,4845058756.366285,3247676215.715049,1652922772.8063562,3802443809.369973,3967520192.654221,0.0,0.0,0.0,0.0,0.0,0.0,0.0,0.0,-435859076678.753,0.0,0.0,0.0,0.0,-0.08717181533575058,0.0,0.0,0.0,0.0,0.0,0.0,0.0,0.0,0.0,9902987145.55406,0.0,0.0,0.0,0.0,-31710252535.167416,0.0,0.0,0.0,0.0,0.0,0.0,0.0,0.0,0.0,-5605771.805615747,0.0,0.0,0.0,0.0,21812871161.3318,56.100035211298675,-65.41658425537403,5.610003521129867e-07,-6.541658425537403e-07,4.82842238520283e+22,3.2473528553138115e+22,5.497893990425272e+22,1.2631103187707098e+22,-2.9651433954022435e+22,4828422385.202828,3247352855.313812,1649368197.1275806,3789330956.3121276,-5930286790.804486,-16287842.446576249,-629593.5359550585,-3354640.225357959,-12449289.479001937,-137.1292605654939,0.0,0.0,0.0,0.0,0.0,0.0,0.0,0.0,0.0,-31710252535.167416,4844710227.649126,3247982448.849762,1652807291.7471812,3801780245.861844,3967094720.160384,0.0,0.0,0.0,0.0,0.0,0.0,0.0,0.0,0.0,21812871161.3318
0.07200000000000001,-1,-1,1,-112.73833898440674,8.78109594548583,-1.1273833898440673e-06,8.78109594548583e-08,4.8284215851757334e+22,3.247333520658153e+22,5.497893789321195e+22,1.263180450651219e+22,-2.965150635445928e+22,4828421585.175733,3247333520.6581535,1649368136.7963579,3789541351.953655,-5930301270.891854,-16288601.816765126,-648928.1915640661,-3354697.157698811,-12227023.678688496,-137.13687830743905,0.0,0.0,0.0,0.0,-9902961283.008839,0.0,0.0,0.0,0.0,0.0,4844710186.992225,3247982448.849714,1652807290.2409475,3801768375.7048087,3967094720.15998,0.0,0.0,0.0,0.0,5565429.093883558,0.0,0.0,0.0,0.0,0.0,0.0,0.0,0.0,0.0,0.0,1.6634772127591704e-06,1669.7937348931255,1.4847940478361228e-34,1.3441893561682214e-25,5563762.314613071,0.0,0.0,0.0,0.0,0.0,2844659.2455529524,220651.9204228919,2.5272047682533504e-22,1.7756094788298758e-23,21809976274.766933,0.0,0.0,0.0,0.0,0.0,4845058756.366288,3247676215.715052,1652922772.806356,3802443809.369978,3967520192.6542234,0.0,0.0,0.0,0.0,0.0,0.0,0.0,0.0,-427616396918.89294,0.0,0.0,0.0,0.0,-0.08552327938377857,0.0,0.0,0.0,0.0,0.0,0.0,0.0,0.0,0.0,9902961283.008839,0.0,0.0,0.0,0.0,-31710437408.398388,0.0,0.0,0.0,0.0,0.0,0.0,0.0,0.0,0.0,-5565429.093883558,0.0,0.0,0.0,0.0,21813041554.397907,57.15855258458767,-64.36088234530497,5.715855258458766e-07,-6.436088234530496e-07,4.8284215851757334e+22,3.247333520658153e+22,5.497893789321195e+22,1.263180450651219e+22,-2.965150635488687e+22,4828421585.175733,3247333520.6581535,1649368136.7963579,3789541351.953655,-5930301270.977372,-16288601.816765126,-648928.1915640661,-3354697.157698811,-12227023.678688496,-137.13687830743905,0.0,0.0,0.0,0.0,0.0,0.0,0.0,0.0,0.0,-31710437408.398388,4844710186.992225,3247982448.849714,1652807290.2409475,3801768375.7048087,3967094720.15998,0.0,0.0,0.0,0.0,0.0,0.0,0.0,0.0,0.0,21813041554.397907
0.096,-1,-1,1,-112.740865403292,8.781086010200212,-1.1274086540329198e-06,8.78108601020021e-08,4.8284207953639935e+22,3.247310195389854e+22,5.497893607285617e+22,1.2632460290508034e+22,-2.9651583880635838e+22,4828420795.363993,3247310195.3898544,1649368082.1856842,3789738087.152409,-5930316776.127166,-16289355.189671272,-672253.4597907512,-3354748.691767858,-12019884.064612363,-137.14601067693587,0.0,0.0,0.0,0.0,-9902936108.008125,0.0,0.0,0.0,0.0,0.0,4844710150.5533905,3247982448.8496404,1652807288.8776062,3801757971.2910256,3967094720.1596265,0.0,0.0,0.0,0.0,5524748.867329797,0.0,0.0,0.0,0.0,0.0,0.0,0.0,0.0,0.0,0.0,1.6662091832615231e-06,1616.6343631481243,1.4872209219427485e-34,1.3013864357229292e-25,5523135.247423389,0.0,0.0,0.0,0.0,0.0,2844659.2455529193,220873.5207603841,2.527204768253322e-22,1.7773937734198193e-23,21810147869.265697,0.0,0.0,0.0,0.0,0.0,4845058756.366285,3247676215.715052,1652922772.806356,3802443809.369976,3967520192.6542244,0.0,0.0,0.0,0.0,0.0,0.0,0.0,0.0,-167206171900.034,0.0,0.0,0.0,0.0,-0.03344123438000679,0.0,0.0,0.0,0.0,0.0,0.0,0.0,0.0,0.0,9902936108.008125,0.0,0.0,0.0,0.0,-31710624729.671062,0.0,0.0,0.0,0.0,0.0,0.0,0.0,0.0,0.0,-5524748.867329797,0.0,0.0,0.0,0.0,21813213370.496822,58.08470733702415,-63.437244076468595,5.808470733702414e-07,-6.343724407646859e-07,4.8284207953639935e+22,3.247310195389854e+22,5.497893607285617e+22,1.2632460290508034e+22,-2.965158388080307e+22,4828420795.363993,3247310195.3898544,1649368082.1856842,3789738087.152409,-5930316776.160612,-16289355.189671272,-672253.4597907512,-3354748.691767858,-12019884.064612363,-137.14601067693587,0.0,0.0,0.0,0.0,0.0,0.0,0.0,0.0,0.0,-31710624729.671062,4844710150.5533905,3247982448.8496404,1652807288.8776062,3801757971.2910256,3967094720.1596265,0.0,0.0,0.0,0.0,0.0,0.0,0.0,0.0,0.0,21813213370.496822
0.12,-1,-1,1,-112.74303634536399,8.78107768837888,-1.1274303634536398e-06,8.781077688378879e-08,4.828420276601933e+22,3.2472820758709807e+22,5.497893453905584e+22,1.2633062047765796e+22,-2.96516682208236e+22,4828420276.601932,3247282075.870981,1649368036.1716745,3789918614.3297367,-5930333644.164719,-16289843.912735803,-700372.9785689147,-3354792.11348612,-11830209.675159236,-137.1565675456765,0.0,0.0,0.0,0.0,-9902911972.526567,0.0,0.0,0.0,0.0,0.0,4844710120.514388,3247982448.8495455,1652807287.7287374,3801748824.0802565,3967094720.1593175,0.0,0.0,0.0,0.0,5483745.359093102,0.0,0.0,0.0,0.0,0.0,0.0,0.0,0.0,0.0,0.0,1.668606507371982e-06,1564.0046548372602,1.4893505141565731e-34,1.2590104596104694e-25,5482184.3688876545,0.0,0.0,0.0,0.0,0.0,2844659.2455528975,221092.85409976201,2.527204768253303e-22,1.7791597948111185e-23,21810320828.8882,0.0,0.0,0.0,0.0,0.0,4845058756.366287,3247676215.715053,1652922772.8063562,3802443809.3699794,3967520192.654227,0.0,0.0,0.0,0.0,0.0,0.0,0.0,0.0,-230820756405.592,0.0,0.0,0.0,0.0,-0.04616415128111839,0.0,0.0,0.0,0.0,0.0,0.0,0.0,0.0,0.0,9902911972.526567,0.0,0.0,0.0,0.0,-31710814776.66612,0.0,0.0,0.0,0.0,0.0,0.0,0.0,0.0,0.0,-5483745.359093102,0.0,0.0,0.0,0.0,21813386549.452473,58.897477130575226,-62.6266369031682,5.889747713057522e-07,-6.262663690316819e-07,4.828420276601933e+22,3.2472820758709807e+22,5.497893453905584e+22,1.2633062047765796e+22,-2.9651668221054373e+22,4828420276.601932,3247282075.870981,1649368036.1716745,3789918614.3297367,-5930333644.210874,-16289843.912735803,-700372.9785689147,-3354792.11348612,-11830209.675159236,-137.1565675456765,0.0,0.0,0.0,0.0,0.0,0.0,0.0,0.0,0.0,-31710814776.66612,4844710120.514388,3247982448.8495455,1652807287.7287374,3801748824.0802565,3967094720.1593175,0.0,0.0,0.0,0.0,0.0,0.0,0.0,0.0,0.0,21813386549.452473
0.14400000000000002,-1,-1,1,-112.7448126511159,8.781070402498456,-1.1274481265111588e-06,8.781070402498454e-08,4.8284197914917395e+22,3.247248275088792e+22,5.4978933203186276e+22,1.2633605007846737e+22,-2.965175898648372e+22,4828419791.491738,3247248275.0887923,1649367996.0955875,3790081502.3540196,-5930351797.296743,-16290302.25399979,-734173.7606386216,-3354829.9318046207,-11659227.666490743,-137.16844140500032,0.0,0.0,0.0,0.0,-9902888813.554495,0.0,0.0,0.0,0.0,0.0,4844710093.7454605,3247982448.8494253,1652807286.7282448,3801740730.0970755,3967094720.159049,0.0,0.0,0.0,0.0,5442433.267139573,0.0,0.0,0.0,0.0,0.0,0.0,0.0,0.0,0.0,0.0,1.6707240990459967e-06,1511.9379029049903,1.4912316058563639e-34,1.2170882261939435e-25,5440924.34367901,0.0,0.0,0.0,0.0,0.0,2844659.2455528677,221309.78090938475,2.5272047682532775e-22,1.780906419879028e-23,21810495091.637634,0.0,0.0,0.0,0.0,0.0,4845058756.36629,3247676215.71506,1652922772.8063562,3802443809.3699865,3967520192.6542315,0.0,0.0,0.0,0.0,0.0,0.0,0.0,0.0,-263880528509.6169,0.0,0.0,0.0,0.0,-0.05277610570192337,0.0,0.0,0.0,0.0,0.0,0.0,0.0,0.0,0.0,9902888813.554495,0.0,0.0,0.0,0.0,-31711007409.468674,0.0,0.0,0.0,0.0,0.0,0.0,0.0,0.0,0.0,-5442433.267139573,0.0,0.0,0.0,0.0,21813561029.12853,59.615358651794324,-61.910524401820595,5.961535865179432e-07,-6.191052440182058e-07,4.8284197914917395e+22,3.247248275088792e+22,5.4978933203186276e+22,1.2633605007846737e+22,-2.965175898674757e+22,4828419791.491738,3247248275.0887923,1649367996.0955875,3790081502.3540196,-5930351797.349514,-16290302.25399979,-734173.7606386216,-3354829.9318046207,-11659227.666490743,-137.16844140500032,0.0,0.0,0.0,0.0,0.0,0.0,0.0,0.0,0.0,-31711007409.468674,4844710093.7454605,3247982448.8494253,1652807286.7282448,3801740730.0970755,3967094720.159049,0.0,0.0,0.0,0.0,0.0,0.0,0.0,0.0,0.0,21813561029.12853
0.168,-1,-1,1,-112.74616506083649,8.78106475132257,-1.1274616506083647e-06,8.781064751322569e-08,4.828419325544307e+22,3.2472078017977117e+22,5.497893219839671e+22,1.263408686617679e+22,-2.9651856654138792e+22,4828419325.544306,3247207801.797712,1649367965.9519005,3790226059.8530354,-5930371330.827758,-16290744.004893996,-774647.051550107,-3354858.3772777487,-11507435.704402003,-137.1815234950543,0.0,0.0,0.0,0.0,-9902866741.316858,0.0,0.0,0.0,0.0,0.0,4844710069.548924,3247982448.849257,1652807285.9761643,3801733495.635081,3967094720.1588016,0.0,0.0,0.0,0.0,5400827.511817883,0.0,0.0,0.0,0.0,0.0,0.0,0.0,0.0,0.0,0.0,1.67261393113132e-06,1460.4672594083177,1.4929103840681708e-34,1.175646419216957e-25,5399370.058994094,0.0,0.0,0.0,0.0,0.0,2844659.2455528523,221524.16228328098,2.52720476825326e-22,1.7826325305863203e-23,21810670594.58092,0.0,0.0,0.0,0.0,0.0,4845058756.36629,3247676215.715055,1652922772.8063567,3802443809.3699813,3967520192.6542263,0.0,0.0,0.0,0.0,0.0,0.0,0.0,0.0,-331838140264.15356,0.0,0.0,0.0,0.0,-0.0663676280528307,0.0,0.0,0.0,0.0,0.0,0.0,0.0,0.0,0.0,9902866741.316858,0.0,0.0,0.0,0.0,-31711202660.324406,0.0,0.0,0.0,0.0,0.0,0.0,0.0,0.0,0.0,-5400827.511817883,0.0,0.0,0.0,0.0,21813736746.452995,60.255865163685385,-61.27136464847401,6.025586516368538e-07,-6.1271364648474e-07,4.828419325544307e+22,3.2472078017977117e+22,5.497893219839671e+22,1.263408686617679e+22,-2.9651856654470595e+22,4828419325.544306,3247207801.797712,1649367965.9519005,3790226059.8530354,-5930371330.894118,-16290744.004893996,-774647.051550107,-3354858.3772777487,-11507435.704402003,-137.1815234950543,0.0,0.0,0.0,0.0,0.0,0.0,0.0,0.0,0.0,-31711202660.324406,4844710069.548924,3247982448.849257,1652807285.9761643,3801733495.635081,3967094720.1588016,0.0,0.0,0.0,0.0,0.0,0.0,0.0,0.0,0.0,21813736746.452995
0.192,-1,-1,1,-112.74707022165661,8.781057505577593,-1.127470702216566e-06,8.781057505577591e-08,4.828418870633721e+22,3.2471595239649107e+22,5.497893084061787e+22,1.2634507086037277e+22,-2.9651962922730865e+22,4828418870.633719,3247159523.964911,1649367925.2185354,3790352125.8111815,-5930392584.546171,-16291176.684363173,-822924.8841377703,-3354896.8158512074,-11374816.97064484,-137.19571175259745,0.0,0.0,0.0,0.0,-9902846110.486923,0.0,0.0,0.0,0.0,0.0,4844710047.317807,3247982448.8490453,1652807284.9589033,3801726942.860448,3967094720.1585755,0.0,0.0,0.0,0.0,5358942.977881118,0.0,0.0,0.0,0.0,0.0,0.0,0.0,0.0,0.0,0.0,1.6743235644898999e-06,1409.6254582789416,1.4944290351354527e-34,1.134711384619634e-25,5357536.366852179,0.0,0.0,0.0,0.0,0.0,2844659.2455528285,221735.86109342167,2.5272047682532413e-22,1.7843370232592558e-23,21810847274.936565,0.0,0.0,0.0,0.0,0.0,4845058756.366288,3247676215.7150536,1652922772.8063562,3802443809.3699765,3967520192.654223,0.0,0.0,0.0,0.0,0.0,0.0,0.0,0.0,-76389228925.10893,0.0,0.0,0.0,0.0,-0.015277845785021782,0.0,0.0,0.0,0.0,0.0,0.0,0.0,0.0,0.0,9902846110.486923,0.0,0.0,0.0,0.0,-31711400806.03157,0.0,0.0,0.0,0.0,0.0,0.0,0.0,0.0,0.0,-5358942.977881118,0.0,0.0,0.0,0.0,21813913638.50725,60.83503481953145,-60.69309290770317,6.083503481953144e-07,-6.069309290770315e-07,4.828418870633721e+22,3.2471595239649107e+22,5.497893084061787e+22,1.2634507086037277e+22,-2.9651962922807243e+22,4828418870.633719,3247159523.964911,1649367925.2185354,3790352125.8111815,-5930392584.561447,-16291176.684363173,-822924.8841377703,-3354896.8158512074,-11374816.97064484,-137.19571175259745,0.0,0.0,0.0,0.0,0.0,0.0,0.0,0.0,0.0,-31711400806.03157,4844710047.317807,3247982448.8490453,1652807284.9589033,3801726942.860448,3967094720.1585755,0.0,0.0,0.0,0.0,0.0,0.0,0.0,0.0,0.0,21813913638.50725
0.216,-1,-1,1,-112.74750578417972,8.781051955202114,-1.127475057841797e-06,8.781051955202113e-08,4.828418478336283e+22,3.2471021326286715e+22,5.497892982746481e+22,1.2634866012484406e+22,-2.9652078063536503e+22,4828418478.336283,3247102132.6286716,1649367894.8239434,3790459803.7453203,-5930415612.707299,-16291548.843487656,-880316.220108483,-3354925.498099256,-11261104.735619107,-137.21090253060638,0.0,0.0,0.0,0.0,-9902826990.15457,0.0,0.0,0.0,0.0,0.0,4844710027.179493,3247982448.848776,1652807284.2002165,3801720908.5604625,3967094720.158376,0.0,0.0,0.0,0.0,5316794.499796856,0.0,0.0,0.0,0.0,0.0,0.0,0.0,0.0,0.0,0.0,1.6758965286750008e-06,1359.444671688161,1.4958262993111746e-34,1.0943090149381002e-25,5315438.069548686,0.0,0.0,0.0,0.0,0.0,2844659.245552811,221944.74259515642,2.5272047682532267e-22,1.786018813460392e-23,21811025070.13681,0.0,0.0,0.0,0.0,0.0,4845058756.366288,3247676215.7150555,1652922772.8063564,3802443809.369981,3967520192.6542263,0.0,0.0,0.0,0.0,0.0,0.0,0.0,0.0,-53822975605.72626,0.0,0.0,0.0,0.0,-0.010764595121145248,0.0,0.0,0.0,0.0,0.0,0.0,0.0,0.0,0.0,9902826990.15457,0.0,0.0,0.0,0.0,-31711601838.254337,0.0,0.0,0.0,0.0,0.0,0.0,0.0,0.0,0.0,-5316794.499796856,0.0,0.0,0.0,0.0,21814091642.588787,61.36755108481321,-60.1610066545691,6.13675510848132e-07,-6.016100665456909e-07,4.828418478336283e+22,3.2471021326286715e+22,5.497892982746481e+22,1.2634866012484406e+22,-2.9652078063590274e+22,4828418478.336283,3247102132.6286716,1649367894.8239434,3790459803.7453203,-5930415612.718054,-16291548.843487656,-880316.220108483,-3354925.498099256,-11261104.735619107,-137.21090253060638,0.0,0.0,0.0,0.0,0.0,0.0,0.0,0.0,0.0,-31711601838.254337,4844710027.179493,3247982448.848776,1652807284.2002165,3801720908.5604625,3967094720.158376,0.0,0.0,0.0,0.0,0.0,0.0,0.0,0.0,0.0,21814091642.588787
0.24,-1,-1,1,-112.7474482494581,8.781046682458866,-1.1274744824945808e-06,8.781046682458864e-08,4.828418053517138e+22,3.247034091667292e+22,5.497892887156214e+22,1.2635164608981056e+22,-2.965220310319244e+22,4828418053.517138,3247034091.667292,1649367866.1468632,3790549382.694315,-5930440620.638487,-16291954.188525857,-948357.181143598,-3354952.5595933446,-11165863.521480521,-137.2270012345087,0.0,0.0,0.0,0.0,-9902809600.284754,0.0,0.0,0.0,0.0,0.0,4844710007.705383,3247982448.8484316,1652807283.4845145,3801715246.2961607,3967094720.1581883,0.0,0.0,0.0,0.0,5274396.7150793765,0.0,0.0,0.0,0.0,0.0,0.0,0.0,0.0,0.0,0.0,1.6773717605470034e-06,1309.9563095688623,1.4971367412073203e-34,1.054464587943431e-25,5273089.773188031,0.0,0.0,0.0,0.0,0.0,2844659.245552795,222150.67526303418,2.5272047682532117e-22,1.787676842715871e-23,21811203918.44571,0.0,0.0,0.0,0.0,0.0,4845058756.366286,3247676215.715059,1652922772.806356,3802443809.369986,3967520192.654228,0.0,0.0,0.0,0.0,0.0,0.0,0.0,0.0,-31111892312.76513,0.0,0.0,0.0,0.0,-0.006222378462553024,0.0,0.0,0.0,0.0,0.0,0.0,0.0,0.0,0.0,9902809600.284754,0.0,0.0,0.0,0.0,-31711805900.406067,0.0,0.0,0.0,0.0,0.0,0.0,0.0,0.0,0.0,-5274396.7150793765,0.0,0.0,0.0,0.0,21814270696.830177,61.8665590750302,-59.6619358568873,6.186655907503019e-07,-5.966193585688729e-07,4.828418053517138e+22,3.247034091667292e+22,5.497892887156214e+22,1.2635164608981056e+22,-2.9652203103223496e+22,4828418053.517138,3247034091.667292,1649367866.1468632,3790549382.694315,-5930440620.644698,-16291954.188525857,-948357.181143598,-3354952.5595933446,-11165863.521480521,-137.2270012345087,0.0,0.0,0.0,0.0,0.0,0.0,0.0,0.0,0.0,-31711805900.406067,4844710007.705383,3247982448.8484316,1652807283.4845145,3801715246.2961607,3967094720.1581883,0.0,0.0,0.0,0.0,0.0,0.0,0.0,0.0,0.0,21814270696.830177
0.264,-1,-1,1,-112.74686952081241,8.781041695526232,-1.1274686952081239e-06,8.781041695526232e-08,4.828417702287958e+22,3.2469535921804742e+22,5.497892796336693e+22,1.2635403914524058e+22,-2.965233985072866e+22,4828417702.287957,3246953592.1804743,1649367838.901007,3790621174.357216,-5930467970.145731,-16292287.383384842,-1028856.6675087594,-3354978.270496289,-11088648.341100018,-137.2439200687628,0.0,0.0,0.0,0.0,-9902794317.188612,0.0,0.0,0.0,0.0,0.0,4844709989.671063,3247982448.8479767,1652807282.8044739,3801709822.779496,3967094720.1580057,0.0,0.0,0.0,0.0,5231764.128786905,0.0,0.0,0.0,0.0,0.0,0.0,0.0,0.0,0.0,0.0,1.6787846636262226e-06,1261.190934144231,1.4983918110679081e-34,1.015202697883519e-25,5230505.952266332,0.0,0.0,0.0,0.0,0.0,2844659.245552777,222353.5311561215,2.5272047682531952e-22,1.7893100814542915e-23,21811383758.68667,0.0,0.0,0.0,0.0,0.0,4845058756.366288,3247676215.715053,1652922772.806356,3802443809.369977,3967520192.6542253,0.0,0.0,0.0,0.0,0.0,0.0,0.0,0.0,-22068493999.54081,0.0,0.0,0.0,0.0,-0.004413698799908161,0.0,0.0,0.0,0.0,0.0,0.0,0.0,0.0,0.0,9902794317.188612,0.0,0.0,0.0,0.0,-31712013292.991062,0.0,0.0,0.0,0.0,0.0,0.0,0.0,0.0,0.0,-5231764.128786905,0.0,0.0,0.0,0.0,21814450739.926823,62.34399584444059,-59.18391537189872,6.234399584444058e-07,-5.918391537189871e-07,4.828417702287958e+22,3.2469535921804742e+22,5.497892796336693e+22,1.2635403914524058e+22,-2.965233985075073e+22,4828417702.287957,3246953592.1804743,1649367838.901007,3790621174.357216,-5930467970.150145,-16292287.383384842,-1028856.6675087594,-3354978.270496289,-11088648.341100018,-137.2439200687628,0.0,0.0,0.0,0.0,0.0,0.0,0.0,0.0,0.0,-31712013292.991062,4844709989.671063,3247982448.8479767,1652807282.8044739,3801709822.779496,3967094720.1580057,0.0,0.0,0.0,0.0,0.0,0.0,0.0,0.0,0.0,21814450739.926823
0.28800000000000003,-1,-1,1,-112.74573478128917,8.781036748539794,-1.1274573478128916e-06,8.781036748539792e-08,4.828417299721071e+22,3.2468585010175152e+22,5.497892706863685e+22,1.2635584804055748e+22,-2.965248926585804e+22,4828417299.72107,3246858501.0175157,1649367812.0591047,3790675441.2167225,-5930497853.171607,-16292671.688877368,-1123947.8298840816,-3355003.6002008338,-11029074.636048077,-137.2615715723271,0.0,0.0,0.0,0.0,-9902781347.178501,0.0,0.0,0.0,0.0,0.0,4844709971.409671,3247982448.8473954,1652807282.1346192,3801704515.9347453,3967094720.157827,0.0,0.0,0.0,0.0,5188911.110627335,0.0,0.0,0.0,0.0,0.0,0.0,0.0,0.0,0.0,0.0,1.680167556028897e-06,1213.178149876703,1.4996202185118405e-34,9.7654716693645e-26,5187700.946887081,0.0,0.0,0.0,0.0,0.0,2844659.24555276,222553.18638219335,2.5272047682531807e-22,1.7909175327415863e-23,21811564530.254124,0.0,0.0,0.0,0.0,0.0,4845058756.366286,3247676215.715054,1652922772.8063562,3802443809.369978,3967520192.654225,0.0,0.0,0.0,0.0,0.0,0.0,0.0,0.0,-12421496212.482456,0.0,0.0,0.0,0.0,-0.0024842992424964905,0.0,0.0,0.0,0.0,0.0,0.0,0.0,0.0,0.0,9902781347.178501,0.0,0.0,0.0,0.0,-31712224147.21964,0.0,0.0,0.0,0.0,0.0,0.0,0.0,0.0,0.0,-5188911.110627335,0.0,0.0,0.0,0.0,21814631711.149265,62.81076915940302,-58.716002370426374,6.281076915940302e-07,-5.871600237042636e-07,4.828417299721071e+22,3.2468585010175152e+22,5.497892706863685e+22,1.2635584804055748e+22,-2.965248926587044e+22,4828417299.72107,3246858501.0175157,1649367812.0591047,3790675441.2167225,-5930497853.174087,-16292671.688877368,-1123947.8298840816,-3355003.6002008338,-11029074.636048077,-137.2615715723271,0.0,0.0,0.0,0.0,0.0,0.0,0.0,0.0,0.0,-31712224147.21964,4844709971.409671,3247982448.8473954,1652807282.1346192,3801704515.9347453,3967094720.157827,0.0,0.0,0.0,0.0,0.0,0.0,0.0,0.0,0.0,21814631711.149265
0.312,-1,-1,1,-112.74400053289409,8.781031873630647,-1.1274400053289408e-06,8.781031873630646e-08,4.828416957013268e+22,3.2467463099333153e+22,5.497892618188714e+22,1.2635707793738337e+22,-2.96526537014935e+22,4828416957.0132675,3246746309.9333158,1649367785.4566135,3790712338.121499,-5930530740.298699,-16292996.797272041,-1236138.9133266972,-3355028.70398337,-10986874.165864725,-137.27987386988352,0.0,0.0,0.0,0.0,-9902771175.097057,0.0,0.0,0.0,0.0,0.0,4844709953.810262,3247982448.846637,1652807281.4706626,3801699212.370136,3967094720.1576476,0.0,0.0,0.0,0.0,5145851.920577173,0.0,0.0,0.0,0.0,0.0,0.0,0.0,0.0,0.0,0.0,1.6815504573237327e-06,1165.946517262977,1.5008486307968375e-34,9.38520975864683e-26,5144688.988466434,0.0,0.0,0.0,0.0,0.0,2844659.245552745,222749.521463239,2.527204768253167e-22,1.792498235221233e-23,21811746173.00503,0.0,0.0,0.0,0.0,0.0,4845058756.366288,3247676215.7150526,1652922772.8063562,3802443809.369976,3967520192.654222,0.0,0.0,0.0,0.0,0.0,0.0,0.0,0.0,-9848028421.40198,0.0,0.0,0.0,0.0,-0.0019696056842803955,0.0,0.0,0.0,0.0,0.0,0.0,0.0,0.0,0.0,9902771175.097057,0.0,0.0,0.0,0.0,-31712438873.413532,0.0,0.0,0.0,0.0,0.0,0.0,0.0,0.0,0.0,-5145851.920577173,0.0,0.0,0.0,0.0,21814813550.23506,63.276987581973216,-58.24804482455201,6.327698758197321e-07,-5.824804482455201e-07,4.828416957013268e+22,3.2467463099333153e+22,5.497892618188714e+22,1.2635707793738337e+22,-2.965265370150337e+22,4828416957.0132675,3246746309.9333158,1649367785.4566135,3790712338.121499,-5930530740.3006735,-16292996.797272041,-1236138.9133266972,-3355028.70398337,-10986874.165864725,-137.27987386988352,0.0,0.0,0.0,0.0,0.0,0.0,0.0,0.0,0.0,-31712438873.413532,4844709953.810262,3247982448.846637,1652807281.4706626,3801699212.370136,3967094720.1576476,0.0,0.0,0.0,0.0,0.0,0.0,0.0,0.0,0.0,21814813550.23506
0.336,-1,-1,1,-112.74161295244394,8.781027068030808,-1.1274161295244393e-06,8.781027068030805e-08,4.828416749292175e+22,3.246614090342418e+22,5.497892529469935e+22,1.2635772917398729e+22,-2.965283573773799e+22,4828416749.292174,3246614090.3424187,1649367758.8409796,3790731875.219617,-5930567147.547597,-16293188.102975123,-1368358.5032326702,-3355053.8201713148,-10961929.727366922,-137.2987445060037,0.0,0.0,0.0,0.0,-9902764331.133152,0.0,0.0,0.0,0.0,0.0,4844709937.394871,3247982448.845645,1652807280.8061721,3801693805.030566,3967094720.157473,0.0,0.0,0.0,0.0,5102600.726821967,0.0,0.0,0.0,0.0,0.0,0.0,0.0,0.0,0.0,0.0,1.6829616658222729e-06,1119.523473080597,1.5021021861060223e-34,9.011461998641332e-26,5101484.217753329,0.0,0.0,0.0,0.0,0.0,2844659.2455527317,222942.42167312055,2.527204768253156e-22,1.7940512658302866e-23,21811928627.18275,0.0,0.0,0.0,0.0,0.0,4845058756.366288,3247676215.7150536,1652922772.806356,3802443809.369975,3967520192.6542263,0.0,0.0,0.0,0.0,0.0,0.0,0.0,0.0,-17019622027.873997,0.0,0.0,0.0,0.0,-0.0034039244055747986,0.0,0.0,0.0,0.0,0.0,0.0,0.0,0.0,0.0,9902764331.133152,0.0,0.0,0.0,0.0,-31712657927.7225,0.0,0.0,0.0,0.0,0.0,0.0,0.0,0.0,0.0,-5102600.726821967,0.0,0.0,0.0,0.0,21814996197.312756,63.75217329623046,-57.770466724244784,6.375217329623045e-07,-5.777046672424477e-07,4.828416749292175e+22,3.246614090342418e+22,5.497892529469935e+22,1.2635772917398729e+22,-2.9652835737755e+22,4828416749.292174,3246614090.3424187,1649367758.8409796,3790731875.219617,-5930567147.550999,-16293188.102975123,-1368358.5032326702,-3355053.8201713148,-10961929.727366922,-137.2987445060037,0.0,0.0,0.0,0.0,0.0,0.0,0.0,0.0,0.0,-31712657927.7225,4844709937.394871,3247982448.845645,1652807280.8061721,3801693805.030566,3967094720.157473,0.0,0.0,0.0,0.0,0.0,0.0,0.0,0.0,0.0,21814996197.312756
0.36,-1,-1,1,-112.73850647896424,8.78102191587461,-1.1273850647896423e-06,8.781021915874609e-08,4.828416387020707e+22,3.246458461124502e+22,5.497892435733162e+22,1.2635779654331602e+22,-2.9653036823372265e+22,4828416387.020706,3246458461.124502,1649367730.7199478,3790733896.2994785,-5930607364.674453,-16293531.769678105,-1523987.7198364593,-3355080.3569443254,-10954294.743085835,-137.3180934334274,0.0,0.0,0.0,0.0,-9902761119.131437,0.0,0.0,0.0,0.0,0.0,4844709918.790105,3247982448.8443336,1652807280.104315,3801688191.126995,3967094720.1572824,0.0,0.0,0.0,0.0,5059171.617790927,0.0,0.0,0.0,0.0,0.0,0.0,0.0,0.0,0.0,0.0,1.6844282467456085e-06,1073.9352582822207,1.5034049277056099e-34,8.644439505707301e-26,5058100.696936106,0.0,0.0,0.0,0.0,0.0,2844659.24555271,223131.77734246934,2.5272047682531374e-22,1.7955757422515768e-23,21812111833.365818,0.0,0.0,0.0,0.0,0.0,4845058756.366288,3247676215.7150526,1652922772.8063564,3802443809.369978,3967520192.6542244,0.0,0.0,0.0,0.0,0.0,0.0,0.0,0.0,-16015898436.30791,0.0,0.0,0.0,0.0,-0.0032031796872615814,0.0,0.0,0.0,0.0,0.0,0.0,0.0,0.0,0.0,9902761119.131437,0.0,0.0,0.0,0.0,-31712881540.368145,0.0,0.0,0.0,0.0,0.0,0.0,0.0,0.0,0.0,-5059171.617790927,0.0,0.0,0.0,0.0,21815179592.85127,64.24544935038196,-57.27407904445731,6.424544935038195e-07,-5.727407904445731e-07,4.828416387020707e+22,3.246458461124502e+22,5.497892435733162e+22,1.2635779654331602e+22,-2.965303682338826e+22,4828416387.020706,3246458461.124502,1649367730.7199478,3790733896.2994785,-5930607364.677651,-16293531.769678105,-1523987.7198364593,-3355080.3569443254,-10954294.743085835,-137.3180934334274,0.0,0.0,0.0,0.0,0.0,0.0,0.0,0.0,0.0,-31712881540.368145,4844709918.790105,3247982448.8443336,1652807280.104315,3801688191.126995,3967094720.1572824,0.0,0.0,0.0,0.0,0.0,0.0,0.0,0.0,0.0,21815179592.85127
0.384,-1,-1,1,-112.73460247569203,8.781016459361927,-1.1273460247569202e-06,8.781016459361926e-08,4.828415941130844e+22,3.246275576366646e+22,5.497892337133596e+22,1.2635726903079323e+22,-2.965326095895377e+22,4828415941.130842,3246275576.3666463,1649367701.140078,3790718070.923795,-5930652191.790752,-16293957.364722589,-1706872.4759482772,-3355108.270366347,-10964199.497422647,-137.33783231739756,0.0,0.0,0.0,0.0,-9902762353.219444,0.0,0.0,0.0,0.0,0.0,4844709898.495289,3247982448.8425922,1652807279.3661492,3801682270.506545,3967094720.1570845,0.0,0.0,0.0,0.0,5015578.609425739,0.0,0.0,0.0,0.0,0.0,0.0,0.0,0.0,0.0,0.0,1.6859766242957176e-06,1029.206854009075,1.504780329668439e-34,8.284343246038979e-26,5014552.416975566,0.0,0.0,0.0,0.0,0.0,2844659.2455526935,223317.4841289071,2.527204768253122e-22,1.7970708250867982e-23,21812295732.43738,0.0,0.0,0.0,0.0,0.0,4845058756.366286,3247676215.7150497,1652922772.8063562,3802443809.369975,3967520192.654224,0.0,0.0,0.0,0.0,0.0,0.0,0.0,0.0,-11762906797.230247,0.0,0.0,0.0,0.0,-0.0023525813594460487,0.0,0.0,0.0,0.0,0.0,0.0,0.0,0.0,0.0,9902762353.219444,0.0,0.0,0.0,0.0,-31713110452.241768,0.0,0.0,0.0,0.0,0.0,0.0,0.0,0.0,0.0,-5015578.609425739,0.0,0.0,0.0,0.0,21815363677.629406,64.76568694036621,-56.749931994688495,6.476568694036619e-07,-5.674993199468849e-07,4.828415941130844e+22,3.246275576366646e+22,5.497892337133596e+22,1.2635726903079323e+22,-2.965326095896551e+22,4828415941.130842,3246275576.3666463,1649367701.140078,3790718070.923795,-5930652191.793101,-16293957.364722589,-1706872.4759482772,-3355108.270366347,-10964199.497422647,-137.33783231739756,0.0,0.0,0.0,0.0,0.0,0.0,0.0,0.0,0.0,-31713110452.241768,4844709898.495289,3247982448.8425922,1652807279.3661492,3801682270.506545,3967094720.1570845,0.0,0.0,0.0,0.0,0.0,0.0,0.0,0.0,0.0,21815363677.629406
0.40800000000000003,-1,-1,1,-112.72980775603192,8.78101063867556,-1.127298077560319e-06,8.78101063867556e-08,4.828415541196945e+22,3.2460611547852356e+22,5.497892230890581e+22,1.2635612998795851e+22,-2.9653513984910568e+22,4828415541.196944,3246061154.785236,1649367669.2671735,3790683899.638754,-5930702796.982113,-16294336.447190823,-1921294.055036181,-3355138.3476430024,-10992044.864342788,-137.3578690200773,0.0,0.0,0.0,0.0,-9902769215.412628,0.0,0.0,0.0,0.0,0.0,4844709877.643858,3247982448.840269,1652807278.5705934,3801675944.5893793,3967094720.156878,0.0,0.0,0.0,0.0,4971835.631499419,0.0,0.0,0.0,0.0,0.0,0.0,0.0,0.0,0.0,0.0,1.6876328060921516e-06,985.361918672223,1.5062514922172192e-34,7.931363529698404e-26,4970853.283986673,0.0,0.0,0.0,0.0,0.0,2844659.2455526763,223499.4432811867,2.5272047682531064e-22,1.798535719980556e-23,21812480265.642178,0.0,0.0,0.0,0.0,0.0,4845058756.366288,3247676215.715055,1652922772.8063562,3802443809.369979,3967520192.6542263,0.0,0.0,0.0,0.0,0.0,0.0,0.0,0.0,-12116669677.197937,0.0,0.0,0.0,0.0,-0.0024233339354395866,0.0,0.0,0.0,0.0,0.0,0.0,0.0,0.0,0.0,9902769215.412628,0.0,0.0,0.0,0.0,-31713345772.57669,0.0,0.0,0.0,0.0,0.0,0.0,0.0,0.0,0.0,-4971835.631499419,0.0,0.0,0.0,0.0,21815548392.79312,65.3216017741872,-56.18921662052119,6.532160177418719e-07,-5.618921662052118e-07,4.828415541196945e+22,3.2460611547852356e+22,5.497892230890581e+22,1.2635612998795851e+22,-2.965351398492268e+22,4828415541.196944,3246061154.785236,1649367669.2671735,3790683899.638754,-5930702796.984535,-16294336.447190823,-1921294.055036181,-3355138.3476430024,-10992044.864342788,-137.3578690200773,0.0,0.0,0.0,0.0,0.0,0.0,0.0,0.0,0.0,-31713345772.57669,4844709877.643858,3247982448.840269,1652807278.5705934,3801675944.5893793,3967094720.156878,0.0,0.0,0.0,0.0,0.0,0.0,0.0,0.0,0.0,21815548392.79312
0.432,-1,-1,1,-112.72401190609322,8.781004406410117,-1.127240119060932e-06,8.781004406410117e-08,4.8284151016126025e+22,3.245810562812917e+22,5.497892117252001e+22,1.2635435774311817e+22,-2.9653803527203484e+22,4828415101.612602,3245810562.812917,1649367635.1755996,3790630732.293543,-5930760705.440696,-16294753.457404967,-2171886.024214688,-3355170.5185953025,-11038383.597807178,-137.37810304431346,0.0,0.0,0.0,0.0,-9902783244.714537,0.0,0.0,0.0,0.0,0.0,4844709855.069729,3247982448.8371277,1652807277.7196703,3801669115.978668,3967094720.156646,0.0,0.0,0.0,0.0,4927956.495291175,0.0,0.0,0.0,0.0,0.0,0.0,0.0,0.0,0.0,0.0,1.6894224380890367e-06,942.4227275786471,1.507841199932383e-34,7.585679525141223e-26,4927017.08697379,0.0,0.0,0.0,0.0,0.0,2844659.245552659,223677.56189118364,2.5272047682530894e-22,1.79996967964666e-23,21812665374.723225,0.0,0.0,0.0,0.0,0.0,4845058756.366288,3247676215.715051,1652922772.806356,3802443809.3699756,3967520192.6542225,0.0,0.0,0.0,0.0,0.0,0.0,0.0,0.0,-12060604058.206085,0.0,0.0,0.0,0.0,-0.0024121208116412163,0.0,0.0,0.0,0.0,0.0,0.0,0.0,0.0,0.0,9902783244.714537,0.0,0.0,0.0,0.0,-31713588968.21419,0.0,0.0,0.0,0.0,0.0,0.0,0.0,0.0,0.0,-4927956.495291175,0.0,0.0,0.0,0.0,21815733679.992535,65.92179031029741,-55.5832260022063,6.59217903102974e-07,-5.558322600220629e-07,4.8284151016126025e+22,3.245810562812917e+22,5.497892117252001e+22,1.2635435774311817e+22,-2.9653803527215543e+22,4828415101.612602,3245810562.812917,1649367635.1755996,3790630732.293543,-5930760705.443108,-16294753.457404967,-2171886.024214688,-3355170.5185953025,-11038383.597807178,-137.37810304431346,0.0,0.0,0.0,0.0,0.0,0.0,0.0,0.0,0.0,-31713588968.21419,4844709855.069729,3247982448.8371277,1652807277.7196703,3801669115.978668,3967094720.156646,0.0,0.0,0.0,0.0,0.0,0.0,0.0,0.0,0.0,21815733679.992535
0.456,-1,-1,1,-112.7170809839509,8.780997578792261,-1.1271708098395088e-06,8.780997578792259e-08,4.828414565446696e+22,3.2455189812527822e+22,5.49789199318143e+22,1.2635192670325712e+22,-2.9654143219547597e+22,4828414565.446695,3245518981.2527823,1649367597.954428,3790557801.097712,-5930828643.909518,-16295264.472805122,-2463467.5800937894,-3355205.6428312827,-11103887.699574314,-137.3984318410003,0.0,0.0,0.0,0.0,-9902807181.509274,0.0,0.0,0.0,0.0,0.0,4844709829.919221,3247982448.832871,1652807276.7906954,3801661688.885734,3967094720.156399,0.0,0.0,0.0,0.0,4883954.841778994,0.0,0.0,0.0,0.0,0.0,0.0,0.0,0.0,0.0,0.0,1.6913707665734088e-06,900.4101151471207,1.5095718785843283e-34,7.24745879459944e-26,4883057.446081325,0.0,0.0,0.0,0.0,0.0,2844659.245552637,223851.75313347444,2.5272047682530716e-22,1.8013720057943773e-23,21812851002.14006,0.0,0.0,0.0,0.0,0.0,4845058756.366288,3247676215.715051,1652922772.8063567,3802443809.369974,3967520192.6542225,0.0,0.0,0.0,0.0,0.0,0.0,0.0,0.0,-8776015602.052214,0.0,0.0,0.0,0.0,-0.0017552031204104424,0.0,0.0,0.0,0.0,0.0,0.0,0.0,0.0,0.0,9902807181.509274,0.0,0.0,0.0,0.0,-31713842708.26962,0.0,0.0,0.0,0.0,0.0,0.0,0.0,0.0,0.0,-4883954.841778994,0.0,0.0,0.0,0.0,21815919481.600357,66.57469352129118,-54.923385041452725,6.657469352129117e-07,-5.492338504145272e-07,4.828414565446696e+22,3.2455189812527822e+22,5.49789199318143e+22,1.2635192670325712e+22,-2.9654143219556376e+22,4828414565.446695,3245518981.2527823,1649367597.954428,3790557801.097712,-5930828643.911274,-16295264.472805122,-2463467.5800937894,-3355205.6428312827,-11103887.699574314,-137.3984318410003,0.0,0.0,0.0,0.0,0.0,0.0,0.0,0.0,0.0,-31713842708.26962,4844709829.919221,3247982448.832871,1652807276.7906954,3801661688.885734,3967094720.156399,0.0,0.0,0.0,0.0,0.0,0.0,0.0,0.0,0.0,21815919481.600357
0.48,-1,-1,1,-112.7088409581,8.780990210704305,-1.1270884095809998e-06,8.780990210704304e-08,4.828414044257659e+22,3.2451816663229984e+22,5.49789185856026e+22,1.2634880898852578e+22,-2.9654560012540033e+22,4828414044.257658,3245181666.3229985,1649367557.5680773,3790464269.6557713,-5930912002.508005,-16295758.898497451,-2800782.5040590516,-3355243.753932138,-11189300.726508161,-137.41875919983286,0.0,0.0,0.0,0.0,-9902846429.310463,0.0,0.0,0.0,0.0,0.0,4844709803.155879,3247982448.8270545,1652807275.7826009,3801653570.47197,3967094720.1561284,0.0,0.0,0.0,0.0,4839844.065078399,0.0,0.0,0.0,0.0,0.0,0.0,0.0,0.0,0.0,0.0,1.6935023674659134e-06,859.3434180330346,1.5114653589489576e-34,6.916856836792297e-26,4838987.73608979,0.0,0.0,0.0,0.0,0.0,2844659.245552607,224021.936499209,2.5272047682530457e-22,1.8027420510087825e-23,21813037091.391937,0.0,0.0,0.0,0.0,0.0,4845058756.366284,3247676215.715051,1652922772.806356,3802443809.3699756,3967520192.654221,0.0,0.0,0.0,0.0,0.0,0.0,0.0,0.0,-8664936758.577826,0.0,0.0,0.0,0.0,-0.0017329873517155647,0.0,0.0,0.0,0.0,0.0,0.0,0.0,0.0,0.0,9902846429.310463,0.0,0.0,0.0,0.0,-31714112326.282448,0.0,0.0,0.0,0.0,0.0,0.0,0.0,0.0,0.0,-4839844.065078399,0.0,0.0,0.0,0.0,21816105741.035328,67.28847941744121,-54.20135175136367,6.72884794174412e-07,-5.420135175136366e-07,4.828414044257659e+22,3.2451816663229984e+22,5.49789185856026e+22,1.2634880898852578e+22,-2.965456001254867e+22,4828414044.257658,3245181666.3229985,1649367557.5680773,3790464269.6557713,-5930912002.509733,-16295758.898497451,-2800782.5040590516,-3355243.753932138,-11189300.726508161,-137.41875919983286,0.0,0.0,0.0,0.0,0.0,0.0,0.0,0.0,0.0,-31714112326.282448,4844709803.155879,3247982448.8270545,1652807275.7826009,3801653570.47197,3967094720.1561284,0.0,0.0,0.0,0.0,0.0,0.0,0.0,0.0,0.0,21816105741.035328
0.504,-1,-1,1,-112.69903516512298,8.780982330754123,-1.1269903516512296e-06,8.780982330754121e-08,4.82841357825543e+22,3.244794321833584e+22,5.4978917136171e+22,1.2634497663368505e+22,-2.9655108521235357e+22,4828413578.255429,3244794321.8335843,1649367514.0851293,3790349299.0105495,-5931021704.247071,-16296196.738782223,-3188126.9854644807,-3355284.7871783134,-11295374.08175256,-137.43900694089098,0.0,0.0,0.0,0.0,-9902911924.177734,0.0,0.0,0.0,0.0,0.0,4844709774.993931,3247982448.819042,1652807274.6970515,3801644673.1833577,3967094720.1558394,0.0,0.0,0.0,0.0,4795637.213823333,0.0,0.0,0.0,0.0,0.0,0.0,0.0,0.0,0.0,0.0,1.695840613491651e-06,819.2404209760402,1.5135424039975006e-34,6.594016651571407e-26,4794820.98785172,0.0,0.0,0.0,0.0,0.0,2844659.245552588,224188.03801681305,2.5272047682530236e-22,1.8040792205249712e-23,21813223587.43391,0.0,0.0,0.0,0.0,0.0,4845058756.366288,3247676215.7150536,1652922772.8063564,3802443809.36998,3967520192.654225,0.0,0.0,0.0,0.0,0.0,0.0,0.0,0.0,-13541704975.068573,0.0,0.0,0.0,0.0,-0.002708340995013714,0.0,0.0,0.0,0.0,0.0,0.0,0.0,0.0,0.0,9902911924.177734,0.0,0.0,0.0,0.0,-31714408690.145157,0.0,0.0,0.0,0.0,0.0,0.0,0.0,0.0,0.0,-4795637.213823333,0.0,0.0,0.0,0.0,21816292403.178524,68.07083785912069,-53.409179636757244,6.807083785912068e-07,-5.340917963675724e-07,4.82841357825543e+22,3.244794321833584e+22,5.4978917136171e+22,1.2634497663368505e+22,-2.9655108521248883e+22,4828413578.255429,3244794321.8335843,1649367514.0851293,3790349299.0105495,-5931021704.249776,-16296196.738782223,-3188126.9854644807,-3355284.7871783134,-11295374.08175256,-137.43900694089098,0.0,0.0,0.0,0.0,0.0,0.0,0.0,0.0,0.0,-31714408690.145157,4844709774.993931,3247982448.819042,1652807274.6970515,3801644673.1833577,3967094720.1558394,0.0,0.0,0.0,0.0,0.0,0.0,0.0,0.0,0.0,21816292403.178524
0.528,-1,-1,1,-112.68721807188261,8.780973459024368,-1.126872180718826e-06,8.780973459024366e-08,4.828412933860342e+22,3.2443535723804047e+22,5.497891551231827e+22,1.263404043310437e+22,-2.9655906084826624e+22,4828412933.860341,3244353572.380405,1649367465.3695474,3790212129.931309,-5931181216.965324,-16296808.869134672,-3628876.4275208847,-3355330.7582662688,-11422788.033241069,-137.45914683483966,0.0,0.0,0.0,0.0,-9903027146.551556,0.0,0.0,0.0,0.0,0.0,4844709742.7292,3247982448.807921,1652807273.4809954,3801634918.0571046,3967094720.155516,0.0,0.0,0.0,0.0,4751346.889859244,0.0,0.0,0.0,0.0,0.0,0.0,0.0,0.0,0.0,0.0,1.698407085330355e-06,780.117313173216,1.5158221807610172e-34,6.279068389314008e-26,4750569.787030503,0.0,0.0,0.0,0.0,0.0,2844659.245552554,224349.99042797572,2.5272047682529978e-22,1.8053829736422245e-23,21813410437.104065,0.0,0.0,0.0,0.0,0.0,4845058756.366287,3247676215.715056,1652922772.8063562,3802443809.369981,3967520192.6542253,0.0,0.0,0.0,0.0,0.0,0.0,0.0,0.0,-13298159465.193752,0.0,0.0,0.0,0.0,-0.0026596318930387497,0.0,0.0,0.0,0.0,0.0,0.0,0.0,0.0,0.0,9903027146.551556,0.0,0.0,0.0,0.0,-31714755214.465126,0.0,0.0,0.0,0.0,0.0,0.0,0.0,0.0,0.0,-4751346.889859244,0.0,0.0,0.0,0.0,21816479414.80075,68.92868970514363,-52.539501825764084,6.892868970514362e-07,-5.253950182576408e-07,4.828412933860342e+22,3.2443535723804047e+22,5.497891551231827e+22,1.263404043310437e+22,-2.9655906084839907e+22,4828412933.860341,3244353572.380405,1649367465.3695474,3790212129.931309,-5931181216.967981,-16296808.869134672,-3628876.4275208847,-3355330.7582662688,-11422788.033241069,-137.45914683483966,0.0,0.0,0.0,0.0,0.0,0.0,0.0,0.0,0.0,-31714755214.465126,4844709742.7292,3247982448.807921,1652807273.4809954,3801634918.0571046,3967094720.155516,0.0,0.0,0.0,0.0,0.0,0.0,0.0,0.0,0.0,21816479414.80075
0.552,-1,-1,1,-112.6724965381359,8.780963787798562,-1.126724965381359e-06,8.780963787798562e-08,4.828412193825454e+22,3.243857490172316e+22,5.4978913745482855e+22,1.2633507260080882e+22,-2.9657219227502936e+22,4828412193.825454,3243857490.172316,1649367412.364485,3790052178.0242634,-5931443845.5005865,-16297513.25182711,-4124958.6200411525,-3355380.7771759927,-11572060.723074682,-137.4792877341955,0.0,0.0,0.0,0.0,-9903245413.368023,0.0,0.0,0.0,0.0,0.0,4844709707.0770035,3247982448.7923512,1652807272.1579075,3801624238.8415422,3967094720.155162,0.0,0.0,0.0,0.0,4706985.191552263,0.0,0.0,0.0,0.0,0.0,0.0,0.0,0.0,0.0,0.0,1.7012213893577803e-06,741.9886715468483,1.5183221081792626e-34,5.97212921683583e-26,4706246.217431587,0.0,0.0,0.0,0.0,0.0,2844659.2455525263,224507.73325331567,2.5272047682529714e-22,1.8066528242500927e-23,21813597589.363174,0.0,0.0,0.0,0.0,0.0,4845058756.366287,3247676215.7150517,1652922772.806356,3802443809.3699756,3967520192.654223,0.0,0.0,0.0,0.0,0.0,0.0,0.0,0.0,-9995293803.513052,0.0,0.0,0.0,0.0,-0.00199905876070261,0.0,0.0,0.0,0.0,0.0,0.0,0.0,0.0,0.0,9903245413.368023,0.0,0.0,0.0,0.0,-31715205152.980732,0.0,0.0,0.0,0.0,0.0,0.0,0.0,0.0,0.0,-4706985.191552263,0.0,0.0,0.0,0.0,21816666724.80225,69.86782454815908,-51.585635777776204,6.986782454815907e-07,-5.158563577777619e-07,4.828412193825454e+22,3.243857490172316e+22,5.4978913745482855e+22,1.2633507260080882e+22,-2.9657219227512935e+22,4828412193.825454,3243857490.172316,1649367412.364485,3790052178.0242634,-5931443845.502586,-16297513.25182711,-4124958.6200411525,-3355380.7771759927,-11572060.723074682,-137.4792877341955,0.0,0.0,0.0,0.0,0.0,0.0,0.0,0.0,0.0,-31715205152.980732,4844709707.0770035,3247982448.7923512,1652807272.1579075,3801624238.8415422,3967094720.155162,0.0,0.0,0.0,0.0,0.0,0.0,0.0,0.0,0.0,21816666724.80225
0.5760000000000001,-1,-1,1,-112.65291224769078,8.780953328300386,-1.1265291224769076e-06,8.780953328300385e-08,4.828411423058668e+22,3.243306144497711e+22,5.497891183061119e+22,1.26328971155301e+22,-2.965965821539718e+22,4828411423.058667,3243306144.497711,1649367354.918335,3789869134.6590285,-5931931643.079435,-16298245.51994847,-4676304.2726748185,-3355434.9869773244,-11743451.830209995,-137.49985045242323,0.0,0.0,0.0,0.0,-9903688789.525623,0.0,0.0,0.0,0.0,0.0,4844709668.57834,3247982448.770381,1652807270.7238941,3801612586.5852494,3967094720.1547847,0.0,0.0,0.0,0.0,4662563.791245205,0.0,0.0,0.0,0.0,0.0,0.0,0.0,0.0,0.0,0.0,1.704301720551612e-06,704.8674984457059,1.5210583477519461e-34,5.673303621496669e-26,4661861.938432591,0.0,0.0,0.0,0.0,0.0,2844659.2455524863,224661.21263801877,2.5272047682529366e-22,1.8078883395831258e-23,21813784994.967068,0.0,0.0,0.0,0.0,0.0,4845058756.366289,3247676215.7150574,1652922772.8063557,3802443809.369981,3967520192.65423,0.0,0.0,0.0,0.0,0.0,0.0,0.0,0.0,-8093439973.890783,0.0,0.0,0.0,0.0,-0.0016186879947781563,0.0,0.0,0.0,0.0,0.0,0.0,0.0,0.0,0.0,9903688789.525623,0.0,0.0,0.0,0.0,-31715880509.620865,0.0,0.0,0.0,0.0,0.0,0.0,0.0,0.0,0.0,-4662563.791245205,0.0,0.0,0.0,0.0,21816854283.88485,70.89249759776644,-50.54136797822546,7.089249759776642e-07,-5.054136797822545e-07,4.828411423058668e+22,3.243306144497711e+22,5.497891183061119e+22,1.26328971155301e+22,-2.9659658215405277e+22,4828411423.058667,3243306144.497711,1649367354.918335,3789869134.6590285,-5931931643.081055,-16298245.51994847,-4676304.2726748185,-3355434.9869773244,-11743451.830209995,-137.49985045242323,0.0,0.0,0.0,0.0,0.0,0.0,0.0,0.0,0.0,-31715880509.620865,4844709668.57834,3247982448.770381,1652807270.7238941,3801612586.5852494,3967094720.1547847,0.0,0.0,0.0,0.0,0.0,0.0,0.0,0.0,0.0,21816854283.88485
0.6,-1,-1,1,-112.62398552400752,8.780942071105866,-1.126239855240075e-06,8.780942071105863e-08,4.828410708710251e+22,3.2427021261669103e+22,5.497890975542943e+22,1.2632210210656826e+22,-2.96646347536564e+22,4828410708.710251,3242702126.1669106,1649367292.662882,3789663063.1970463,-5932926950.731278,-16298919.290995331,-5280322.572162757,-3355493.7351432373,-11936870.873344326,-137.52198233861097,0.0,0.0,0.0,0.0,-9904639627.733932,0.0,0.0,0.0,0.0,0.0,4844709628.000968,3247982448.7390666,1652807269.1696007,3801599934.168373,3967094720.1543612,0.0,0.0,0.0,0.0,4618094.370268143,0.0,0.0,0.0,0.0,0.0,0.0,0.0,0.0,0.0,0.0,1.7076679948134073e-06,668.7653796273692,1.524048588599123e-34,5.382684683537711e-26,4617428.619863782,0.0,0.0,0.0,0.0,0.0,2844659.24555245,224810.38071596768,2.527204768252905e-22,1.8090891350996585e-23,21813972604.63072,0.0,0.0,0.0,0.0,0.0,4845058756.366286,3247676215.715055,1652922772.8063562,3802443809.3699813,3967520192.654224,0.0,0.0,0.0,0.0,0.0,0.0,0.0,0.0,-13158735819.160942,0.0,0.0,0.0,0.0,-0.0026317471638321877,0.0,0.0,0.0,0.0,0.0,0.0,0.0,0.0,0.0,9904639627.733932,0.0,0.0,0.0,0.0,-31717063576.08168,0.0,0.0,0.0,0.0,0.0,0.0,0.0,0.0,0.0,-4618094.370268143,0.0,0.0,0.0,0.0,21817042042.71539,72.00503235638973,-49.39989523872474,7.200503235638973e-07,-4.939989523872473e-07,4.828410708710251e+22,3.2427021261669103e+22,5.497890975542943e+22,1.2632210210656826e+22,-2.9664634753669514e+22,4828410708.710251,3242702126.1669106,1649367292.662882,3789663063.1970463,-5932926950.733903,-16298919.290995331,-5280322.572162757,-3355493.7351432373,-11936870.873344326,-137.52198233861097,0.0,0.0,0.0,0.0,0.0,0.0,0.0,0.0,0.0,-31717063576.08168,4844709628.000968,3247982448.7390666,1652807269.1696007,3801599934.168373,3967094720.1543612,0.0,0.0,0.0,0.0,0.0,0.0,0.0,0.0,0.0,21817042042.71539
0.624,-1,-1,1,-112.57531113227878,8.780929528662458,-1.1257531113227877e-06,8.780929528662457e-08,4.8284097048310125e+22,3.2420511610628687e+22,5.497890746190612e+22,1.2631448259983269e+22,-2.9675425676823758e+22,4828409704.831011,3242051161.062869,1649367223.8571827,3789434477.9949794,-5935085135.364751,-16299876.532346906,-5931287.631139039,-3355558.6645298423,-12151802.043102564,-137.54851032884687,0.0,0.0,0.0,0.0,-9906753307.851727,0.0,0.0,0.0,0.0,0.0,4844709581.363082,3247982448.6940026,1652807267.4520614,3801586280.1381984,3967094720.153911,0.0,0.0,0.0,0.0,4573589.881574145,0.0,0.0,0.0,0.0,0.0,0.0,0.0,0.0,0.0,0.0,1.7113508024301605e-06,633.6928920471066,1.5273200035179477e-34,5.1003573592382075e-26,4572959.204300765,0.0,0.0,0.0,0.0,0.0,2844659.245552404,224955.19398021972,2.5272047682528623e-22,1.810254861362118e-23,21814160363.69841,0.0,0.0,0.0,0.0,0.0,4845058756.366292,3247676215.715057,1652922772.8063567,3802443809.369981,3967520192.6542296,0.0,0.0,0.0,0.0,0.0,0.0,0.0,0.0,-7393602281.808855,0.0,0.0,0.0,0.0,-0.0014787204563617706,0.0,0.0,0.0,0.0,0.0,0.0,0.0,0.0,0.0,9906753307.851727,0.0,0.0,0.0,0.0,-31719409664.565643,0.0,0.0,0.0,0.0,0.0,0.0,0.0,0.0,0.0,-4573589.881574145,0.0,0.0,0.0,0.0,21817229946.59402,73.2054854185168,-48.150755242425404,7.320548541851679e-07,-4.81507552424254e-07,4.8284097048310125e+22,3.2420511610628687e+22,5.497890746190612e+22,1.2631448259983269e+22,-2.9675425676831085e+22,4828409704.831011,3242051161.062869,1649367223.8571827,3789434477.9949794,-5935085135.366216,-16299876.532346906,-5931287.631139039,-3355558.6645298423,-12151802.043102564,-137.54851032884687,0.0,0.0,0.0,0.0,0.0,0.0,0.0,0.0,0.0,-31719409664.565643,4844709581.363082,3247982448.6940026,1652807267.4520614,3801586280.1381984,3967094720.153911,0.0,0.0,0.0,0.0,0.0,0.0,0.0,0.0,0.0,21817229946.59402
0.648,-1,-1,1,-112.4826192322917,8.78091589233033,-1.1248261923229169e-06,8.78091589233033e-08,4.828408722585159e+22,3.2413632369179104e+22,5.497890495435769e+22,1.2630614651692508e+22,-2.9699661524632823e+22,4828408722.585157,3241363236.917911,1649367148.6307302,3789184395.507751,-5939932304.926563,-16300808.83778175,-6619211.710514522,-3355629.6529449592,-12387255.686722998,-137.58619184024673,0.0,0.0,0.0,0.0,-9911555955.208813,0.0,0.0,0.0,0.0,0.0,4844709531.422661,3247982448.628421,1652807265.5740209,3801571651.296894,3967094720.1534023,0.0,0.0,0.0,0.0,4529067.715033862,0.0,0.0,0.0,0.0,0.0,0.0,0.0,0.0,0.0,0.0,1.715414374414569e-06,599.6605469948231,1.5309296483075777e-34,4.8264060732849315e-26,4528471.071567462,0.0,0.0,0.0,0.0,0.0,2844659.2455523633,225095.60953381588,2.5272047682528313e-22,1.8113851738553353e-23,21814348198.78346,0.0,0.0,0.0,0.0,0.0,4845058756.366288,3247676215.7150526,1652922772.806356,3802443809.369978,3967520192.6542234,0.0,0.0,0.0,0.0,0.0,0.0,0.0,0.0,-9730935562.402012,0.0,0.0,0.0,0.0,-0.001946187112480402,0.0,0.0,0.0,0.0,0.0,0.0,0.0,0.0,0.0,9911555955.208813,0.0,0.0,0.0,0.0,-31724444809.585358,0.0,0.0,0.0,0.0,0.0,0.0,0.0,0.0,0.0,-4529067.715033862,0.0,0.0,0.0,0.0,21817417922.0896,74.49142202165375,-46.772113102969264,7.449142202165373e-07,-4.677211310296926e-07,4.828408722585159e+22,3.2413632369179104e+22,5.497890495435769e+22,1.2630614651692508e+22,-2.969966152464256e+22,4828408722.585157,3241363236.917911,1649367148.6307302,3789184395.507751,-5939932304.928512,-16300808.83778175,-6619211.710514522,-3355629.6529449592,-12387255.686722998,-137.58619184024673,0.0,0.0,0.0,0.0,0.0,0.0,0.0,0.0,0.0,-31724444809.585358,4844709531.422661,3247982448.628421,1652807265.5740209,3801571651.296894,3967094720.1534023,0.0,0.0,0.0,0.0,0.0,0.0,0.0,0.0,0.0,21817417922.0896
0.672,-1,-1,1,-112.28919032446098,8.780900733391423,-1.1228919032446096e-06,8.78090073339142e-08,4.8284076967100926e+22,3.2406552788831127e+22,5.4978902158276915e+22,1.2629714517605346e+22,-2.9755135183370966e+22,4828407696.710092,3240655278.8831134,1649367064.7483068,3788914355.2816024,-5951027036.674192,-16301779.356957087,-7327169.648768175,-3355708.8096832717,-12641748.534339558,-137.65091829038738,0.0,0.0,0.0,0.0,-9922606176.367579,0.0,0.0,0.0,0.0,0.0,4844709476.06677,3247982448.531877,1652807263.4797392,3801556103.9208198,3967094720.1528435,0.0,0.0,0.0,0.0,4484557.191454429,0.0,0.0,0.0,0.0,0.0,0.0,0.0,0.0,0.0,0.0,1.7200108029538417e-06,566.6808873786294,1.5350126287255566e-34,4.560931601157059e-26,4483993.531011335,0.0,0.0,0.0,0.0,0.0,2844659.245552308,225231.57678791112,2.527204768252779e-22,1.8124796661592143e-23,21814535986.1368,0.0,0.0,0.0,0.0,0.0,4845058756.366289,3247676215.715056,1652922772.8063562,3802443809.36998,3967520192.654228,0.0,0.0,0.0,0.0,0.0,0.0,0.0,0.0,-28244445566.087967,0.0,0.0,0.0,0.0,-0.005648889113217592,0.0,0.0,0.0,0.0,0.0,0.0,0.0,0.0,0.0,9922606176.367579,0.0,0.0,0.0,0.0,-31735727464.580772,0.0,0.0,0.0,0.0,0.0,0.0,0.0,0.0,0.0,-4484557.191454429,0.0,0.0,0.0,0.0,21817605845.39899,75.85781289250076,-45.21227816535239,7.585781289250075e-07,-4.5212278165352375e-07,4.8284076967100926e+22,3.2406552788831127e+22,5.4978902158276915e+22,1.2629714517605346e+22,-2.975513518339918e+22,4828407696.710092,3240655278.8831134,1649367064.7483068,3788914355.2816024,-5951027036.679835,-16301779.356957087,-7327169.648768175,-3355708.8096832717,-12641748.534339558,-137.65091829038738,0.0,0.0,0.0,0.0,0.0,0.0,0.0,0.0,0.0,-31735727464.580772,4844709476.06677,3247982448.531877,1652807263.4797392,3801556103.9208198,3967094720.1528435,0.0,0.0,0.0,0.0,0.0,0.0,0.0,0.0,0.0,21817605845.39899
0.6960000000000001,-1,-1,1,-111.8625286662875,8.780882527734576,-1.1186252866628749e-06,8.780882527734576e-08,4.828406359092368e+22,3.2399566245652576e+22,5.4978898803568415e+22,1.2628754758103667e+22,-2.9883351463582203e+22,4828406359.092367,3239956624.5652575,1649366964.1070516,3788626427.4310985,-5976670292.716439,-16303049.88791601,-8025823.822754409,-3355803.7811080087,-12913296.938982906,-137.7797829859084,0.0,0.0,0.0,0.0,-9948204992.01506,0.0,0.0,0.0,0.0,0.0,4844709408.980005,3247982448.3880076,1652807260.9670858,3801539724.477562,3967094720.1521726,0.0,0.0,0.0,0.0,4440116.92622613,0.0,0.0,0.0,0.0,0.0,0.0,0.0,0.0,0.0,0.0,1.7255074467360703e-06,534.7730992624314,1.5398952687334005e-34,4.3040881891383606e-26,4439585.18136344,0.0,0.0,0.0,0.0,0.0,2844659.2455522497,225363.01927526432,2.527204768252728e-22,1.8135377235584272e-23,21814723478.358536,0.0,0.0,0.0,0.0,0.0,4845058756.366289,3247676215.715059,1652922772.8063567,3802443809.3699856,3967520192.654228,0.0,0.0,0.0,0.0,0.0,0.0,0.0,0.0,-36916343960.91104,0.0,0.0,0.0,0.0,-0.007383268792182207,0.0,0.0,0.0,0.0,0.0,0.0,0.0,0.0,0.0,9948204992.01506,0.0,0.0,0.0,0.0,-31761558344.133755,0.0,0.0,0.0,0.0,0.0,0.0,0.0,0.0,0.0,-4440116.92622613,0.0,0.0,0.0,0.0,21817793469.03753,77.29697608295571,-43.34643511106763,7.72969760829557e-07,-4.334643511106762e-07,4.828406359092368e+22,3.2399566245652576e+22,5.4978898803568415e+22,1.2628754758103667e+22,-2.98833514636191e+22,4828406359.092367,3239956624.5652575,1649366964.1070516,3788626427.4310985,-5976670292.723819,-16303049.88791601,-8025823.822754409,-3355803.7811080087,-12913296.938982906,-137.7797829859084,0.0,0.0,0.0,0.0,0.0,0.0,0.0,0.0,0.0,-31761558344.133755,4844709408.980005,3247982448.3880076,1652807260.9670858,3801539724.477562,3967094720.1521726,0.0,0.0,0.0,0.0,0.0,0.0,0.0,0.0,0.0,21817793469.03753
0.72,-1,-1,1,-110.89530568619564,8.780858828212441,-1.1089530568619562e-06,8.78085882821244e-08,4.8284046465374955e+22,3.239315310717184e+22,5.4978894425159585e+22,1.2627744185591852e+22,-3.0180473865897375e+22,4828404646.537496,3239315310.7171845,1649366832.7547867,3788323255.677554,-6036094773.179474,-16304674.822149698,-8667137.453988044,-3355927.7333794422,-13199376.656304363,-138.05795129258493,0.0,0.0,0.0,0.0,-10007585229.098793,0.0,0.0,0.0,0.0,0.0,4844709321.359365,3247982448.171168,1652807257.687476,3801522632.444067,3967094720.15129,0.0,0.0,0.0,0.0,4395873.825976256,0.0,0.0,0.0,0.0,0.0,0.0,0.0,0.0,0.0,0.0,1.7327776291345434e-06,503.9728627763144,1.5463533484809214e-34,4.0561628462914944e-26,4395372.899425422,0.0,0.0,0.0,0.0,0.0,2844659.2455521626,225489.79594571755,2.5272047682526526e-22,1.8145582115019394e-23,21814910139.80091,0.0,0.0,0.0,0.0,0.0,4845058756.366289,3247676215.715055,1652922772.8063567,3802443809.369979,3967520192.6542263,0.0,0.0,0.0,0.0,0.0,0.0,0.0,0.0,-57729941909.201454,0.0,0.0,0.0,0.0,-0.011545988381840289,0.0,0.0,0.0,0.0,0.0,0.0,0.0,0.0,0.0,10007585229.098793,0.0,0.0,0.0,0.0,-31821169612.481655,0.0,0.0,0.0,0.0,0.0,0.0,0.0,0.0,0.0,-4395873.825976256,0.0,0.0,0.0,0.0,21817980257.19729,78.79833495602968,-40.87782955837956,7.879833495602967e-07,-4.0877829558379554e-07,4.8284046465374955e+22,3.239315310717184e+22,5.4978894425159585e+22,1.2627744185591852e+22,-3.018047386595509e+22,4828404646.537496,3239315310.7171845,1649366832.7547867,3788323255.677554,-6036094773.191017,-16304674.822149698,-8667137.453988044,-3355927.7333794422,-13199376.656304363,-138.05795129258493,0.0,0.0,0.0,0.0,0.0,0.0,0.0,0.0,0.0,-31821169612.481655,4844709321.359365,3247982448.171168,1652807257.687476,3801522632.444067,3967094720.15129,0.0,0.0,0.0,0.0,0.0,0.0,0.0,0.0,0.0,21817980257.19729
0.744,-1,-1,1,-108.6871815951039,8.780823423585433,-1.086871815951039e-06,8.780823423585433e-08,4.828402146618725e+22,3.2387915155539394e+22,5.497888786067312e+22,1.2626694107717993e+22,-3.0865378842329817e+22,4828402146.618723,3238791515.5539403,1649366635.8201928,3788008232.3153963,-6173075768.465962,-16307043.642673483,-9190932.287699321,-3356113.5732741416,-13496757.969704065,-138.67373481150912,0.0,0.0,0.0,0.0,-10144522456.16203,0.0,0.0,0.0,0.0,0.0,4844709190.261118,3247982447.8416348,1652807252.769986,3801504990.398145,3967094720.1499634,0.0,0.0,0.0,0.0,4352106.219828563,0.0,0.0,0.0,0.0,0.0,0.0,0.0,0.0,0.0,0.0,1.7438385369056503e-06,474.3522492382659,1.5561787341158374e-34,3.817735497508064e-26,4351634.95557502,0.0,0.0,0.0,0.0,0.0,2844659.245552038,225611.62331937542,2.527204768252539e-22,1.8155388490106762e-23,21815094795.691124,0.0,0.0,0.0,0.0,0.0,4845058756.36629,3247676215.7150545,1652922772.8063562,3802443809.369978,3967520192.654226,0.0,0.0,0.0,0.0,0.0,0.0,0.0,0.0,-114527076948.43414,0.0,0.0,0.0,0.0,-0.022905415389686823,0.0,0.0,0.0,0.0,0.0,0.0,0.0,0.0,0.0,10144522456.16203,0.0,0.0,0.0,0.0,-31958335384.743576,0.0,0.0,0.0,0.0,0.0,0.0,0.0,0.0,0.0,-4352106.219828563,0.0,0.0,0.0,0.0,21818165034.778454,80.34753844078081,-37.12046657790952,8.03475384407808e-07,-3.712046657790951e-07,4.828402146618725e+22,3.2387915155539394e+22,5.497888786067312e+22,1.2626694107717993e+22,-3.086537884244436e+22,4828402146.618723,3238791515.5539403,1649366635.8201928,3788008232.3153963,-6173075768.488872,-16307043.642673483,-9190932.287699321,-3356113.5732741416,-13496757.969704065,-138.67373481150912,0.0,0.0,0.0,0.0,0.0,0.0,0.0,0.0,0.0,-31958335384.743576,4844709190.261118,3247982447.8416348,1652807252.769986,3801504990.398145,3967094720.1499634,0.0,0.0,0.0,0.0,0.0,0.0,0.0,0.0,0.0,21818165034.778454
0.768,-1,-1,1,-103.6990266304801,8.780762541294317,-1.0369902663048008e-06,8.780762541294316e-08,4.828397739945464e+22,3.2384233834003424e+22,5.497887654473124e+22,1.262561978329999e+22,-3.241860302633047e+22,4828397739.945463,3238423383.400343,1649366296.3419363,3787685934.9899955,-6483720605.266093,-16311223.952615352,-9559063.940201981,-3356433.9263600125,-13801093.293345174,-140.0112587907447,0.0,0.0,0.0,0.0,-10455124587.635288,0.0,0.0,0.0,0.0,0.0,4844708963.897799,3247982447.3405385,1652807244.2927256,3801487028.3992867,3967094720.147684,0.0,0.0,0.0,0.0,4309402.232764859,0.0,0.0,0.0,0.0,0.0,0.0,0.0,0.0,0.0,0.0,1.7631490892532666e-06,446.0550623803157,1.5733322301150618e-34,3.5899634411822314e-26,4308959.360245611,0.0,0.0,0.0,0.0,0.0,2844659.2455518153,225727.93802223218,2.5272047682523414e-22,1.8164751022456365e-23,21815274963.677265,0.0,0.0,0.0,0.0,0.0,4845058756.366288,3247676215.715053,1652922772.8063567,3802443809.369978,3967520192.654226,0.0,0.0,0.0,0.0,0.0,0.0,0.0,0.0,-229795323684.81165,0.0,0.0,0.0,0.0,-0.04595906473696232,0.0,0.0,0.0,0.0,0.0,0.0,0.0,0.0,0.0,10455124587.635288,0.0,0.0,0.0,0.0,-32269160504.218708,0.0,0.0,0.0,0.0,0.0,0.0,0.0,0.0,0.0,-4309402.232764859,0.0,0.0,0.0,0.0,21818345318.770214,81.9243290954084,-30.55546007636782,8.192432909540839e-07,-3.055546007636781e-07,4.828397739945464e+22,3.2384233834003424e+22,5.497887654473124e+22,1.262561978329999e+22,-3.241860302656026e+22,4828397739.945463,3238423383.400343,1649366296.3419363,3787685934.9899955,-6483720605.312051,-16311223.952615352,-9559063.940201981,-3356433.9263600125,-13801093.293345174,-140.0112587907447,0.0,0.0,0.0,0.0,0.0,0.0,0.0,0.0,0.0,-32269160504.218708,4844708963.897799,3247982447.3405385,1652807244.2927256,3801487028.3992867,3967094720.147684,0.0,0.0,0.0,0.0,0.0,0.0,0.0,0.0,0.0,21818345318.770214
0.792,-1,-1,1,-92.7860368102284,8.780650623822854,-9.278603681022838e-07,8.780650623822853e-08,4.828389610974775e+22,3.2381989785271294e+22,5.4978855672592135e+22,1.2624542683697817e+22,-3.5821533426585004e+22,4828389610.974774,3238198978.5271297,1649365670.1777632,3787362805.109343,-7164306685.316999,-16318935.392775634,-9783468.062867545,-3357024.8143641,-14106276.23338598,-142.72969308179617,0.0,0.0,0.0,0.0,-11135670146.93425,0.0,0.0,0.0,0.0,0.0,4844708546.367271,3247982446.589994,1652807228.6556256,3801469081.461589,3967094720.143478,0.0,0.0,0.0,0.0,4268884.203465915,0.0,0.0,0.0,0.0,0.0,0.0,0.0,0.0,0.0,0.0,1.7998235715176315e-06,419.340291296976,1.6059097580943308e-34,3.3749310829054476e-26,4268468.252876142,0.0,0.0,0.0,0.0,0.0,2844659.245551402,225837.7300032122,2.527204768251973e-22,1.8173588421555178e-23,21815445906.618004,0.0,0.0,0.0,0.0,0.0,4845058756.366287,3247676215.715057,1652922772.806356,3802443809.369985,3967520192.654227,0.0,0.0,0.0,0.0,0.0,0.0,0.0,0.0,-425269268453.1213,0.0,0.0,0.0,0.0,-0.08505385369062424,0.0,0.0,0.0,0.0,0.0,0.0,0.0,0.0,0.0,11135670146.93425,0.0,0.0,0.0,0.0,-32949917633.6418,0.0,0.0,0.0,0.0,0.0,0.0,0.0,0.0,0.0,-4268884.203465915,0.0,0.0,0.0,0.0,21818516370.825947,83.4992669993644,-18.06742043468887,8.349926699936439e-07,-1.8067420434688865e-07,4.828389610974775e+22,3.2381989785271294e+22,5.4978855672592135e+22,1.2624542683697817e+22,-3.5821533427010244e+22,4828389610.974774,3238198978.5271297,1649365670.1777632,3787362805.109343,-7164306685.402048,-16318935.392775634,-9783468.062867545,-3357024.8143641,-14106276.23338598,-142.72969308179617,0.0,0.0,0.0,0.0,0.0,0.0,0.0,0.0,0.0,-32949917633.6418,4844708546.367271,3247982446.589994,1652807228.6556256,3801469081.461589,3967094720.143478,0.0,0.0,0.0,0.0,0.0,0.0,0.0,0.0,0.0,21818516370.825947
0.8160000000000001,-1,-1,1,-70.32261104620869,8.780448599032558,-7.032261104620868e-07,8.780448599032557e-08,4.828374790225921e+22,3.238077013095391e+22,5.4978817839062005e+22,1.2623491045264697e+22,-4.282961449492672e+22,4828374790.22592,3238077013.0953918,1649364535.171859,3787047313.579407,-8565922898.985342,-16332997.076240787,-9905432.415191274,-3358095.8775348524,-14404284.929698946,-147.6120440176493,0.0,0.0,0.0,0.0,-12537249758.246128,0.0,0.0,0.0,0.0,0.0,4844707787.301883,3247982445.5105786,1652807200.309901,3801451598.6308203,3967094720.135824,0.0,0.0,0.0,0.0,4232286.737000383,0.0,0.0,0.0,0.0,0.0,0.0,0.0,0.0,0.0,0.0,1.8700855099735087e-06,394.5767780444594,1.6683214559842583e-34,3.175606969124528e-26,4231895.97656537,0.0,0.0,0.0,0.0,0.0,2844659.2455506013,225939.5709364669,2.5272047682512656e-22,1.8181785732787462e-23,21815600303.118973,0.0,0.0,0.0,0.0,0.0,4845058756.366288,3247676215.7150493,1652922772.8063567,3802443809.3699737,3967520192.654223,0.0,0.0,0.0,0.0,0.0,0.0,0.0,0.0,-797390714287.758,0.0,0.0,0.0,0.0,-0.15947814285755157,0.0,0.0,0.0,0.0,0.0,0.0,0.0,0.0,0.0,12537249758.246128,0.0,0.0,0.0,0.0,-34351688339.442432,0.0,0.0,0.0,0.0,0.0,0.0,0.0,0.0,0.0,-4232286.737000383,0.0,0.0,0.0,0.0,21818670867.773808,85.03295092293159,5.929891277687479,8.503295092293158e-07,5.929891277687478e-08,4.828374790225921e+22,3.238077013095391e+22,5.4978817839062005e+22,1.2623491045264697e+22,-4.282961449572411e+22,4828374790.22592,3238077013.0953918,1649364535.171859,3787047313.579407,-8565922899.144819,-16332997.076240787,-9905432.415191274,-3358095.8775348524,-14404284.929698946,-147.6120440176493,0.0,0.0,0.0,0.0,0.0,0.0,0.0,0.0,0.0,-34351688339.442432,4844707787.301883,3247982445.5105786,1652807200.309901,3801451598.6308203,3967094720.135824,0.0,0.0,0.0,0.0,0.0,0.0,0.0,0.0,0.0,21818670867.773808
0.84,-1,-1,1,-28.100564545127327,8.780117902858127,-2.8100564545127324e-07,8.780117902858124e-08,4.828350568619481e+22,3.2380195984381e+22,5.497875545919085e+22,1.2622492884587044e+22,-5.600426952834431e+22,4828350568.61948,3238019598.438101,1649362663.7757244,3786747865.3761115,-11200853905.66886,-16355966.867146468,-9962845.625753865,-3359861.84502184,-14687162.135024931,-154.99470666762653,0.0,0.0,0.0,0.0,-15172149865.151806,0.0,0.0,0.0,0.0,0.0,4844706535.486348,3247982444.063851,1652807153.5698137,3801435027.635567,3967094720.1231675,0.0,0.0,0.0,0.0,4201394.354473374,0.0,0.0,0.0,0.0,0.0,0.0,0.0,0.0,0.0,0.0,1.997296745280153e-06,372.0813337390252,1.7813160380903858e-34,2.9945407340667816e-26,4201026.891547525,0.0,0.0,0.0,0.0,0.0,2844659.245549154,226032.2561335552,2.527204768249977e-22,1.8189246006879736e-23,21815730620.96531,0.0,0.0,0.0,0.0,0.0,4845058756.366289,3247676215.715059,1652922772.8063567,3802443809.3699865,3967520192.654229,0.0,0.0,0.0,0.0,0.0,0.0,0.0,0.0,-1077377498149.8721,0.0,0.0,0.0,0.0,-0.21547549962997437,0.0,0.0,0.0,0.0,0.0,0.0,0.0,0.0,0.0,15172149865.151806,0.0,0.0,0.0,0.0,-36986749746.69769,0.0,0.0,0.0,0.0,0.0,0.0,0.0,0.0,0.0,-4201394.354473374,0.0,0.0,0.0,0.0,21818801275.684895,86.48614953107622,49.60546708308648,8.64861495310762e-07,4.960546708308648e-07,4.828350568619481e+22,3.2380195984381e+22,5.497875545919085e+22,1.2622492884587044e+22,-5.600426952942167e+22,4828350568.61948,3238019598.438101,1649362663.7757244,3786747865.3761115,-11200853905.884333,-16355966.867146468,-9962845.625753865,-3359861.84502184,-14687162.135024931,-154.99470666762653,0.0,0.0,0.0,0.0,0.0,0.0,0.0,0.0,0.0,-36986749746.69769,4844706535.486348,3247982444.063851,1652807153.5698137,3801435027.635567,3967094720.1231675,0.0,0.0,0.0,0.0,0.0,0.0,0.0,0.0,0.0,21818801275.684895
0.864,-1,-1,1,43.24419052202186,8.779648211186732,4.3244190522021856e-07,8.779648211186731e-08,4.828315555810332e+22,3.23800234268662e+22,5.4978665976548385e+22,1.262156155451058e+22,-7.826769475394755e+22,4828315555.810331,3238002342.68662,1649359979.2964509,3786468466.3531723,-15653538950.789507,-16389177.116879586,-9980099.60904608,-3362395.0891247652,-14951110.09808863,-164.33286604888605,0.0,0.0,0.0,0.0,-19624810338.133354,0.0,0.0,0.0,0.0,0.0,4844704732.926931,3247982442.295659,1652807086.5158951,3801419576.5782404,3967094720.1048985,0.0,0.0,0.0,0.0,4176831.571809863,0.0,0.0,0.0,0.0,0.0,0.0,0.0,0.0,0.0,0.0,2.2073719737388814e-06,351.8403170827156,1.9679062566001053e-34,2.8316221155850794e-26,4176485.705292652,0.0,0.0,0.0,0.0,0.0,2844659.2455467717,226115.89031207585,2.5272047682478604e-22,1.819597769189688e-23,21815834223.713844,0.0,0.0,0.0,0.0,0.0,4845058756.366286,3247676215.71505,1652922772.8063562,3802443809.3699727,3967520192.654223,0.0,0.0,0.0,0.0,0.0,0.0,0.0,0.0,-204438567161.56012,0.0,0.0,0.0,0.0,-0.04088771343231201,0.0,0.0,0.0,0.0,0.0,0.0,0.0,0.0,0.0,19624810338.133354,0.0,0.0,0.0,0.0,-41439538464.24188,0.0,0.0,0.0,0.0,0.0,0.0,0.0,0.0,0.0,-4176831.571809863,0.0,0.0,0.0,0.0,21818904957.639446,87.84068690602079,122.30522921684917,8.784068690602078e-07,1.2230522921684915e-06,4.828315555810332e+22,3.23800234268662e+22,5.4978665976548385e+22,1.262156155451058e+22,-7.826769475415195e+22,4828315555.810331,3238002342.68662,1649359979.2964509,3786468466.3531723,-15653538950.830387,-16389177.116879586,-9980099.60904608,-3362395.0891247652,-14951110.09808863,-164.33286604888605,0.0,0.0,0.0,0.0,0.0,0.0,0.0,0.0,0.0,-41439538464.24188,4844704732.926931,3247982442.295659,1652807086.5158951,3801419576.5782404,3967094720.1048985,0.0,0.0,0.0,0.0,0.0,0.0,0.0,0.0,0.0,21818904957.639446
0.888,-1,-1,1,152.0460947837426,8.779071897373596,1.5204609478374259e-06,8.779071897373594e-08,4.828271950633915e+22,3.238012051043159e+22,5.497855466627463e+22,1.262068840680096e+22,-1.1222078737904776e+23,4828271950.633914,3238012051.0431595,1649356639.988238,3786206522.0402865,-22444157475.809547,-16430533.291020194,-9970389.306093412,-3365546.2712341053,-15198570.64618114,-174.59528738729395,0.0,0.0,0.0,0.0,-26415409438.01,0.0,0.0,0.0,0.0,0.0,4844702483.924656,3247982440.349248,1652807003.0947595,3801405092.815843,3967094720.0820346,0.0,0.0,0.0,0.0,4157416.7137024035,0.0,0.0,0.0,0.0,0.0,0.0,0.0,0.0,0.0,0.0,2.522142578435807e-06,333.42033125731473,2.247475178715591e-34,2.683362286790088e-26,4157091.3342326344,0.0,0.0,0.0,0.0,0.0,2844659.245543193,226192.2164641536,2.52720476824468e-22,1.8202121098273396e-23,21815916098.06935,0.0,0.0,0.0,0.0,0.0,4845058756.366286,3247676215.715053,1652922772.806356,3802443809.369978,3967520192.654224,0.0,0.0,0.0,0.0,0.0,0.0,0.0,0.0,-2772030234336.8535,0.0,0.0,0.0,0.0,-0.5544060468673706,0.0,0.0,0.0,0.0,0.0,0.0,0.0,0.0,0.0,26415409438.01,0.0,0.0,0.0,0.0,-48230238923.4187,0.0,0.0,0.0,0.0,0.0,0.0,0.0,0.0,0.0,-4157416.7137024035,0.0,0.0,0.0,0.0,21818986901.56797,89.11001759927062,232.37704048562927,8.911001759927061e-07,2.3237704048562926e-06,4.828271950633915e+22,3.238012051043159e+22,5.497855466627463e+22,1.262068840680096e+22,-1.1222078738181979e+23,4828271950.633914,3238012051.0431595,1649356639.988238,3786206522.0402865,-22444157476.363953,-16430533.291020194,-9970389.306093412,-3365546.2712341053,-15198570.64618114,-174.59528738729395,0.0,0.0,0.0,0.0,0.0,0.0,0.0,0.0,0.0,-48230238923.4187,4844702483.924656,3247982440.349248,1652807003.0947595,3801405092.815843,3967094720.0820346,0.0,0.0,0.0,0.0,0.0,0.0,0.0,0.0,0.0,21818986901.56797
0.912,-1,-1,1,303.1230875949206,8.77844824742055,3.0312308759492056e-06,8.77844824742055e-08,4.828224081651357e+22,3.238043295739806e+22,5.497843220891269e+22,1.2619850124685562e+22,-1.5936705063351213e+23,4828224081.651356,3238043295.739806,1649352966.2673798,3785955037.405667,-31873410126.70242,-16475920.106638959,-9939142.72398266,-3369013.0263103717,-15436145.806380514,-184.8664728184059,0.0,0.0,0.0,0.0,-35844645380.75532,0.0,0.0,0.0,0.0,0.0,4844700001.757714,3247982438.463784,1652806911.3056295,3801391183.3437324,3967094720.0566773,0.0,0.0,0.0,0.0,4140718.862681021,0.0,0.0,0.0,0.0,0.0,0.0,0.0,0.0,0.0,0.0,2.9524741931984035e-06,316.1642727382769,2.6296665651624754e-34,2.5444719649259154e-26,4140413.609533699,0.0,0.0,0.0,0.0,0.0,2844659.245538304,226263.82917403628,2.5272047682403367e-22,1.82078850743198e-23,21815986503.491432,0.0,0.0,0.0,0.0,0.0,4845058756.366288,3247676215.715052,1652922772.806356,3802443809.3699756,3967520192.654225,0.0,0.0,0.0,0.0,0.0,0.0,0.0,0.0,-849742889404.2971,0.0,0.0,0.0,0.0,-0.16994857788085938,0.0,0.0,0.0,0.0,0.0,0.0,0.0,0.0,0.0,35844645380.75532,0.0,0.0,0.0,0.0,-57659562031.28819,0.0,0.0,0.0,0.0,0.0,0.0,0.0,0.0,0.0,-4140718.862681021,0.0,0.0,0.0,0.0,21819057369.22561,90.32862950379634,384.67326885127915,9.032862950379633e-07,3.846732688512791e-06,4.828224081651357e+22,3.238043295739806e+22,5.497843220891269e+22,1.2619850124685562e+22,-1.5936705063436186e+23,4828224081.651356,3238043295.739806,1649352966.2673798,3785955037.405667,-31873410126.872368,-16475920.106638959,-9939142.72398266,-3369013.0263103717,-15436145.806380514,-184.8664728184059,0.0,0.0,0.0,0.0,0.0,0.0,0.0,0.0,0.0,-57659562031.28819,4844700001.757714,3247982438.463784,1652806911.3056295,3801391183.3437324,3967094720.0566773,0.0,0.0,0.0,0.0,0.0,0.0,0.0,0.0,0.0,21819057369.22561
0.936,-1,-1,1,493.8417698332878,8.77784011854227,4.938417698332877e-06,8.77784011854227e-08,4.828176500665381e+22,3.2380960779670567e+22,5.4978310664784615e+22,1.2619019982192683e+22,-2.1888462983673648e+23,4828176500.6653805,3238096077.967057,1649349319.9435377,3785705994.6578035,-43776925967.34729,-16521027.66238665,-9886358.999874393,-3372453.9278605958,-15671404.655237092,-194.50190073011942,0.0,0.0,0.0,0.0,-47748144425.07849,0.0,0.0,0.0,0.0,0.0,4844697528.327487,3247982436.9669275,1652806820.1868706,3801377399.447021,3967094720.031309,0.0,0.0,0.0,0.0,4123932.2017896036,0.0,0.0,0.0,0.0,0.0,0.0,0.0,0.0,0.0,0.0,3.488146176889646e-06,299.41989531994886,3.1053996605814945e-34,2.4097011401882742e-26,4123647.316450498,0.0,0.0,0.0,0.0,0.0,2844659.2455322137,226333.27436807245,2.5272047682349304e-22,1.8213474544664606e-23,21816057282.38288,0.0,0.0,0.0,0.0,0.0,4845058756.36629,3247676215.715053,1652922772.8063567,3802443809.369978,3967520192.6542273,0.0,0.0,0.0,0.0,0.0,0.0,0.0,0.0,-1769701242446.9,0.0,0.0,0.0,0.0,-0.3539402484893799,0.0,0.0,0.0,0.0,0.0,0.0,0.0,0.0,0.0,47748144425.07849,0.0,0.0,0.0,0.0,-69563148698.95518,0.0,0.0,0.0,0.0,0.0,0.0,0.0,0.0,0.0,-4123932.2017896036,0.0,0.0,0.0,0.0,21819128205.72453,91.5358396324278,576.5997693471529,9.153583963242778e-07,5.7659976934715275e-06,4.828176500665381e+22,3.2380960779670567e+22,5.4978310664784615e+22,1.2619019982192683e+22,-2.188846298385062e+23,4828176500.6653805,3238096077.967057,1649349319.9435377,3785705994.6578035,-43776925967.70124,-16521027.66238665,-9886358.999874393,-3372453.9278605958,-15671404.655237092,-194.50190073011942,0.0,0.0,0.0,0.0,0.0,0.0,0.0,0.0,0.0,-69563148698.95518,4844697528.327487,3247982436.9669275,1652806820.1868706,3801377399.447021,3967094720.031309,0.0,0.0,0.0,0.0,0.0,0.0,0.0,0.0,0.0,21819128205.72453
0.96,-1,-1,1,709.9272322287597,8.777300351143396,7.099272322287596e-06,8.777300351143394e-08,4.828133505115334e+22,3.238174382976389e+22,5.4978200869965375e+22,1.2618175949318543e+22,-2.8631866911486394e+23,4828133505.115333,3238174382.976389,1649346026.0989604,3785452784.7955613,-57263733822.97278,-16561781.139736127,-9808053.225467756,-3375562.2076847926,-15910584.434749044,-203.0660783607057,0.0,0.0,0.0,0.0,-61234932842.543365,0.0,0.0,0.0,0.0,0.0,4844695286.254791,3247982436.2018533,1652806737.8639746,3801363369.3666415,3967094720.0082264,0.0,0.0,0.0,0.0,4104502.6284130863,0.0,0.0,0.0,0.0,0.0,0.0,0.0,0.0,0.0,0.0,4.0877477027098825e-06,282.67651992216594,3.637897413906446e-34,2.2749394111139372e-26,4104238.5918342117,0.0,0.0,0.0,0.0,0.0,2844659.2455253997,226402.51862129892,2.5272047682288766e-22,1.821904779659108e-23,21816139215.77739,0.0,0.0,0.0,0.0,0.0,4845058756.366285,3247676215.7150564,1652922772.806356,3802443809.3699803,3967520192.654225,0.0,0.0,0.0,0.0,0.0,0.0,0.0,0.0,-2990696430206.2993,0.0,0.0,0.0,0.0,-0.5981392860412598,0.0,0.0,0.0,0.0,0.0,0.0,0.0,0.0,0.0,61234932842.543365,0.0,0.0,0.0,0.0,-83050038535.4641,0.0,0.0,0.0,0.0,0.0,0.0,0.0,0.0,0.0,-4104502.6284130863,0.0,0.0,0.0,0.0,21819210194.951015,92.76416797344298,793.91409985103,9.276416797344297e-07,7.939140998510298e-06,4.828133505115334e+22,3.238174382976389e+22,5.4978200869965375e+22,1.2618175949318543e+22,-2.8631866911785465e+23,4828133505.115333,3238174382.976389,1649346026.0989604,3785452784.7955613,-57263733823.570915,-16561781.139736127,-9808053.225467756,-3375562.2076847926,-15910584.434749044,-203.0660783607057,0.0,0.0,0.0,0.0,0.0,0.0,0.0,0.0,0.0,-83050038535.4641,4844695286.254791,3247982436.2018533,1652806737.8639746,3801363369.3666415,3967094720.0082264,0.0,0.0,0.0,0.0,0.0,0.0,0.0,0.0,0.0,21819210194.951015
0.984,-1,-1,1,926.7873495535994,8.77686173154839,9.267873495535993e-06,8.776861731548389e-08,4.828097999433231e+22,3.238284706192227e+22,5.497811021858453e+22,1.2617306949821179e+22,-3.5399459027222955e+23,4828097999.43323,3238284706.192228,1649343306.5575352,3785192084.946352,-70798918054.4459,-16595430.241060557,-9697730.163608078,-3378128.538720803,-16156816.09696401,-210.33382550803125,0.0,0.0,0.0,0.0,-74770093224.1693,0.0,0.0,0.0,0.0,0.0,4844693429.67401,3247982436.3558316,1652806669.885738,3801348901.1820774,3967094719.98906,0.0,0.0,0.0,0.0,4080660.0681350995,0.0,0.0,0.0,0.0,0.0,0.0,0.0,0.0,0.0,0.0,4.683719745868058e-06,265.65624324971594,4.167164119218105e-34,2.1379500527353402e-26,4080417.1719421805,0.0,0.0,0.0,0.0,0.0,2844659.245518629,226472.60363996826,2.5272047682228633e-22,1.822468867221325e-23,21816239776.479233,0.0,0.0,0.0,0.0,0.0,4845058756.366289,3247676215.7150564,1652922772.8063567,3802443809.3699803,3967520192.6542287,0.0,0.0,0.0,0.0,0.0,0.0,0.0,0.0,-3109195232391.3584,0.0,0.0,0.0,0.0,-0.6218390464782715,0.0,0.0,0.0,0.0,0.0,0.0,0.0,0.0,0.0,74770093224.1693,0.0,0.0,0.0,0.0,-96585323377.00049,0.0,0.0,0.0,0.0,0.0,0.0,0.0,0.0,0.0,-4080660.0681350995,0.0,0.0,0.0,0.0,21819310812.27749,94.03033839729744,1012.0408262193126,9.403033839729743e-07,1.0120408262193124e-05,4.828097999433231e+22,3.238284706192227e+22,5.497811021858453e+22,1.2617306949821179e+22,-3.539945902753388e+23,4828097999.43323,3238284706.192228,1649343306.5575352,3785192084.946352,-70798918055.06775,-16595430.241060557,-9697730.163608078,-3378128.538720803,-16156816.09696401,-210.33382550803125,0.0,0.0,0.0,0.0,0.0,0.0,0.0,0.0,0.0,-96585323377.00049,4844693429.67401,3247982436.3558316,1652806669.885738,3801348901.1820774,3967094719.98906,0.0,0.0,0.0,0.0,0.0,0.0,0.0,0.0,0.0,21819310812.27749
1.008,-1,-1,1,1120.823177584513,8.776530027150615,1.1208231775845126e-05,8.776530027150614e-08,4.828070796333431e+22,3.238433114076133e+22,5.497804075222979e+22,1.261641726732982e+22,-4.1454778074904595e+23,4828070796.33343,3238433114.0761337,1649341222.5668929,3784925180.1989436,-82909556149.80917,-16621207.429370524,-9549323.233239451,-3380095.1238412117,-16408875.961018842,-216.36475763103152,0.0,0.0,0.0,0.0,-86880702545.06554,0.0,0.0,0.0,0.0,0.0,4844692003.762521,3247982437.309367,1652806617.7884457,3801334056.3012276,3967094719.974302,0.0,0.0,0.0,0.0,4051891.646781921,0.0,0.0,0.0,0.0,0.0,0.0,0.0,0.0,0.0,0.0,5.21330585436684e-06,248.36994448134598,4.637470662972925e-34,1.9988207228884128e-26,4051669.723363027,0.0,0.0,0.0,0.0,0.0,2844659.2455126075,226543.4450601795,2.527204768217515e-22,1.8230390377459422e-23,21816361130.984707,0.0,0.0,0.0,0.0,0.0,4845058756.366288,3247676215.7150545,1652922772.8063562,3802443809.3699784,3967520192.654226,0.0,0.0,0.0,0.0,0.0,0.0,0.0,0.0,395567417144.7755,0.0,0.0,0.0,0.0,0.07911348342895508,0.0,0.0,0.0,0.0,0.0,0.0,0.0,0.0,0.0,86880702545.06554,0.0,0.0,0.0,0.0,-108696082878.92014,0.0,0.0,0.0,0.0,0.0,0.0,0.0,0.0,0.0,-4051891.646781921,0.0,0.0,0.0,0.0,21819432225.580616,95.32887419084199,1207.3755217481669,9.532887419084197e-07,1.2073755217481667e-05,4.828070796333431e+22,3.238433114076133e+22,5.497804075222979e+22,1.261641726732982e+22,-4.1454778074864994e+23,4828070796.33343,3238433114.0761337,1649341222.5668929,3784925180.1989436,-82909556149.72998,-16621207.429370524,-9549323.233239451,-3380095.1238412117,-16408875.961018842,-216.36475763103152,0.0,0.0,0.0,0.0,0.0,0.0,0.0,0.0,0.0,-108696082878.92014,4844692003.762521,3247982437.309367,1652806617.7884457,3801334056.3012276,3967094719.974302,0.0,0.0,0.0,0.0,0.0,0.0,0.0,0.0,0.0,21819432225.580616
1.032,-1,-1,1,1282.1380492196167,8.776286950754491,1.2821380492196166e-05,8.776286950754489e-08,4.828050645927211e+22,3.238620929191792e+22,5.4977989324158634e+22,1.2615524504671026e+22,-4.6488976530279155e+23,4828050645.927211,3238620929.1917925,1649339679.7247581,3784657351.401306,-92977953060.55829,-16640300.396582384,-9361509.515652264,-3381551.0470246472,-16661765.776829105,-221.49418861282143,0.0,0.0,0.0,0.0,-96949066476.74641,0.0,0.0,0.0,0.0,0.0,4844690946.323513,3247982438.707441,1652806579.2162902,3801319117.3219256,3967094719.963339,0.0,0.0,0.0,0.0,4018917.718955178,0.0,0.0,0.0,0.0,0.0,0.0,0.0,0.0,0.0,0.0,5.651652641938666e-06,231.06168141756427,5.026748226736696e-34,1.8595158341663773e-26,4018716.168614135,0.0,0.0,0.0,0.0,0.0,2844659.2455076305,226614.06562678178,2.527204768213093e-22,1.8236074253559254e-23,21816500239.615856,0.0,0.0,0.0,0.0,0.0,4845058756.366286,3247676215.7150517,1652922772.8063562,3802443809.369979,3967520192.6542215,0.0,0.0,0.0,0.0,0.0,0.0,0.0,0.0,-2277016639709.473,0.0,0.0,0.0,0.0,-0.45540332794189453,0.0,0.0,0.0,0.0,0.0,0.0,0.0,0.0,0.0,96949066476.74641,0.0,0.0,0.0,0.0,-118764618954.30243,0.0,0.0,0.0,0.0,0.0,0.0,0.0,0.0,0.0,-4018917.718955178,0.0,0.0,0.0,0.0,21819571394.819515,96.63495382877667,1369.9967160975934,9.663495382877666e-07,1.369996716097593e-05,4.828050645927211e+22,3.238620929191792e+22,5.4977989324158634e+22,1.2615524504671026e+22,-4.6488976530506855e+23,4828050645.927211,3238620929.1917925,1649339679.7247581,3784657351.401306,-92977953061.0137,-16640300.396582384,-9361509.515652264,-3381551.0470246472,-16661765.776829105,-221.49418861282143,0.0,0.0,0.0,0.0,0.0,0.0,0.0,0.0,0.0,-118764618954.30243,4844690946.323513,3247982438.707441,1652806579.2162902,3801319117.3219256,3967094719.963339,0.0,0.0,0.0,0.0,0.0,0.0,0.0,0.0,0.0,21819571394.819515
1.056,-1,-1,1,1415.29634537426,8.776104337361199,1.4152963453742599e-05,8.776104337361198e-08,4.82803541189913e+22,3.238842377169687e+22,5.497795038494796e+22,1.2614650939000486e+22,-5.064449773933971e+23,4828035411.89913,3238842377.169687,1649338511.548438,3784395281.700144,-101288995478.6794,-16654732.999327784,-9140063.024958026,-3382653.411872534,-16909164.64477329,-226.18053631306648,0.0,0.0,0.0,0.0,-105260073019.44125,0.0,0.0,0.0,0.0,0.0,4844690144.898177,3247982440.194641,1652806550.009419,3801304446.491196,3967094719.9550285,0.0,0.0,0.0,0.0,3983046.987342701,0.0,0.0,0.0,0.0,0.0,0.0,0.0,0.0,0.0,0.0,6.012478944520064e-06,214.04865545771167,5.347181540894602e-34,1.7225884280018014e-26,3982864.97990198,0.0,0.0,0.0,0.0,0.0,2844659.2455035243,226683.22312403173,2.527204768209449e-22,1.824164031932338e-23,21816651578.31765,0.0,0.0,0.0,0.0,0.0,4845058756.366288,3247676215.7150545,1652922772.8063564,3802443809.369978,3967520192.6542273,0.0,0.0,0.0,0.0,0.0,0.0,0.0,0.0,427317619323.7306,0.0,0.0,0.0,0.0,0.0854635238647461,0.0,0.0,0.0,0.0,0.0,0.0,0.0,0.0,0.0,105260073019.44125,0.0,0.0,0.0,0.0,-127075812766.78207,0.0,0.0,0.0,0.0,0.0,0.0,0.0,0.0,0.0,-3983046.987342701,0.0,0.0,0.0,0.0,21819722794.413578,97.91682913313892,1504.4370701699822,9.79168291331389e-07,1.504437070169982e-05,4.82803541189913e+22,3.238842377169687e+22,5.497795038494796e+22,1.2614650939000486e+22,-5.064449773929697e+23,4828035411.89913,3238842377.169687,1649338511.548438,3784395281.700144,-101288995478.59393,-16654732.999327784,-9140063.024958026,-3382653.411872534,-16909164.64477329,-226.18053631306648,0.0,0.0,0.0,0.0,0.0,0.0,0.0,0.0,0.0,-127075812766.78207,4844690144.898177,3247982440.194641,1652806550.009419,3801304446.491196,3967094719.9550285,0.0,0.0,0.0,0.0,0.0,0.0,0.0,0.0,0.0,21819722794.413578
1.08,-1,-1,1,1530.3401290965899,8.775957742124362,1.5303401290965896e-05,8.775957742124361e-08,4.828023124735685e+22,3.239087150980732e+22,5.497791893227184e+22,1.261381524411677e+22,-5.423472721843676e+23,4828023124.735684,3239087150.9807324,1649337567.9681544,3784144573.2350297,-108469454436.8735,-16666372.42069599,-8895290.581104131,-3383543.833711344,-17145775.80102786,-230.83565233089845,0.0,0.0,0.0,0.0,-112440494390.51003,0.0,0.0,0.0,0.0,0.0,4844689497.156099,3247982441.561833,1652806526.4169326,3801290349.1847353,3967094719.948297,0.0,0.0,0.0,0.0,3945464.5238469164,0.0,0.0,0.0,0.0,0.0,0.0,0.0,0.0,0.0,0.0,6.3235079681742785e-06,197.58260221694812,5.623391163131899e-34,1.5900645581929283e-26,3945301.168183131,0.0,0.0,0.0,0.0,0.0,2844659.2454999927,226749.94272327836,2.5272047682063076e-22,1.8247010117732097e-23,21816810144.4253,0.0,0.0,0.0,0.0,0.0,4845058756.366288,3247676215.7150555,1652922772.8063567,3802443809.369983,3967520192.654225,0.0,0.0,0.0,0.0,0.0,0.0,0.0,0.0,2350578308105.469,0.0,0.0,0.0,0.0,0.47011566162109375,0.0,0.0,0.0,0.0,0.0,0.0,0.0,0.0,0.0,112440494390.51003,0.0,0.0,0.0,0.0,-134256430345.61592,0.0,0.0,0.0,0.0,0.0,0.0,0.0,0.0,0.0,-3945464.5238469164,0.0,0.0,0.0,0.0,21819881420.09995,99.14777441324212,1620.7119457676536,9.91477744132421e-07,1.6207119457676535e-05,4.828023124735685e+22,3.239087150980732e+22,5.497791893227184e+22,1.261381524411677e+22,-5.42347272182017e+23,4828023124.735684,3239087150.9807324,1649337567.9681544,3784144573.2350297,-108469454436.40338,-16666372.42069599,-8895290.581104131,-3383543.833711344,-17145775.80102786,-230.83565233089845,0.0,0.0,0.0,0.0,0.0,0.0,0.0,0.0,0.0,-134256430345.61592,4844689497.156099,3247982441.561833,1652806526.4169326,3801290349.1847353,3967094719.948297,0.0,0.0,0.0,0.0,0.0,0.0,0.0,0.0,0.0,21819881420.09995
1.104,-1,-1,1,1635.942139333332,8.775831238077355,1.6359421393333317e-05,8.775831238077354e-08,4.828012457633451e+22,3.2393449276004226e+22,5.4977891650414894e+22,1.2613029716737745e+22,-5.753031635461666e+23,4828012457.6334505,3239344927.600423,1649336749.512446,3783908915.0213223,-115060632709.23329,-16676477.15739555,-8637515.133866776,-3384316.1800936763,-17368112.590127263,-235.7651377888105,0.0,0.0,0.0,0.0,-119031634154.7642,0.0,0.0,0.0,0.0,0.0,4844688934.790566,3247982442.734285,1652806505.9522789,3801277027.7624025,3967094719.9424553,0.0,0.0,0.0,0.0,3906961.3535438594,0.0,0.0,0.0,0.0,0.0,0.0,0.0,0.0,0.0,0.0,6.608303620866995e-06,181.81421591160205,5.876303466845678e-34,1.4631569880111314e-26,3906815.7726124716,0.0,0.0,0.0,0.0,0.0,2844659.245496753,226813.6470327336,2.527204768203435e-22,1.825213718178195e-23,21816972598.541775,0.0,0.0,0.0,0.0,0.0,4845058756.366286,3247676215.715055,1652922772.8063567,3802443809.3699803,3967520192.654227,0.0,0.0,0.0,0.0,0.0,0.0,0.0,0.0,-308544635772.70514,0.0,0.0,0.0,0.0,-0.061708927154541016,0.0,0.0,0.0,0.0,0.0,0.0,0.0,0.0,0.0,119031634154.7642,0.0,0.0,0.0,0.0,-140847771124.83817,0.0,0.0,0.0,0.0,0.0,0.0,0.0,0.0,0.0,-3906961.3535438594,0.0,0.0,0.0,0.0,21820043931.36587,100.31011064724291,1727.4764187424391,1.003101106472429e-06,1.7274764187424387e-05,4.828012457633451e+22,3.2393449276004226e+22,5.4977891650414894e+22,1.2613029716737745e+22,-5.7530316354647494e+23,4828012457.6334505,3239344927.600423,1649336749.512446,3783908915.0213223,-115060632709.29498,-16676477.15739555,-8637515.133866776,-3384316.1800936763,-17368112.590127263,-235.7651377888105,0.0,0.0,0.0,0.0,0.0,0.0,0.0,0.0,0.0,-140847771124.83817,4844688934.790566,3247982442.734285,1652806505.9522789,3801277027.7624025,3967094719.9424553,0.0,0.0,0.0,0.0,0.0,0.0,0.0,0.0,0.0,21820043931.36587
1.1280000000000001,-1,-1,1,1737.6435139684006,8.775715952587596,1.7376435139684004e-05,8.775715952587595e-08,4.828002672629379e+22,3.2396078187516067e+22,5.497786667208207e+22,1.2612301113512547e+22,-6.07041874340081e+23,4828002672.629378,3239607818.751607,1649336000.1624613,3783690334.0537624,-121408374868.01616,-16685746.878266418,-8374624.957592455,-3385023.3139416478,-17574260.803740792,-241.18791171478316,0.0,0.0,0.0,0.0,-125379337332.23616,0.0,0.0,0.0,0.0,0.0,4844688419.507366,3247982443.709196,1652806487.2149904,3801264595.010587,3967094719.937102,0.0,0.0,0.0,0.0,3867985.470778967,0.0,0.0,0.0,0.0,0.0,0.0,0.0,0.0,0.0,0.0,6.881809957046615e-06,166.817268134581,6.119189699974922e-34,1.342459341317289e-26,3867856.819039236,0.0,0.0,0.0,0.0,0.0,2844659.245493644,226874.0579944533,2.527204768200673e-22,1.825699913738857e-23,21817137049.342678,0.0,0.0,0.0,0.0,0.0,4845058756.366291,3247676215.715057,1652922772.8063562,3802443809.369986,3967520192.6542273,0.0,0.0,0.0,0.0,0.0,0.0,0.0,0.0,-1689286231994.6294,0.0,0.0,0.0,0.0,-0.3378572463989258,0.0,0.0,0.0,0.0,0.0,0.0,0.0,0.0,0.0,125379337332.23616,0.0,0.0,0.0,0.0,-147195677783.36823,0.0,0.0,0.0,0.0,0.0,0.0,0.0,0.0,0.0,-3867985.470778967,0.0,0.0,0.0,0.0,21820208436.264954,101.39401599059313,1830.2618140063444,1.0139401599059312e-06,1.8302618140063443e-05,4.828002672629379e+22,3.2396078187516067e+22,5.497786667208207e+22,1.2612301113512547e+22,-6.070418743417704e+23,4828002672.629378,3239607818.751607,1649336000.1624613,3783690334.0537624,-121408374868.35405,-16685746.878266418,-8374624.957592455,-3385023.3139416478,-17574260.803740792,-241.18791171478316,0.0,0.0,0.0,0.0,0.0,0.0,0.0,0.0,0.0,-147195677783.36823,4844688419.507366,3247982443.709196,1652806487.2149904,3801264595.010587,3967094719.937102,0.0,0.0,0.0,0.0,0.0,0.0,0.0,0.0,0.0,21820208436.264954
1.1520000000000001,-1,-1,1,1838.5450746813533,8.775607550281768,1.8385450746813532e-05,8.775607550281766e-08,4.827993507158833e+22,3.2398704587756165e+22,5.497784307007748e+22,1.2611632290261717e+22,-6.385310724507697e+23,4827993507.158832,3239870458.775617,1649335292.1023238,3783489687.078513,-127706214490.15392,-16694425.751964172,-8111985.734795738,-3385691.4840746117,-17763413.657014396,-247.27446343351045,0.0,0.0,0.0,0.0,-131677137735.8113,0.0,0.0,0.0,0.0,0.0,4844687932.910517,3247982444.510408,1652806469.5094988,3801253100.890581,3967094719.932032,0.0,0.0,0.0,0.0,3828772.9998099064,0.0,0.0,0.0,0.0,0.0,0.0,0.0,0.0,0.0,0.0,7.152349550112041e-06,152.62080757162497,6.359440793273443e-34,1.2282052806793543e-26,3828660.4615841904,0.0,0.0,0.0,0.0,0.0,2844659.2454905743,226931.07064607056,2.5272047681979423e-22,1.8261587542362588e-23,21817302499.927376,0.0,0.0,0.0,0.0,0.0,4845058756.366292,3247676215.715058,1652922772.8063567,3802443809.369983,3967520192.654228,0.0,0.0,0.0,0.0,0.0,0.0,0.0,0.0,-108864307403.56448,0.0,0.0,0.0,0.0,-0.02177286148071289,0.0,0.0,0.0,0.0,0.0,0.0,0.0,0.0,0.0,131677137735.8113,0.0,0.0,0.0,0.0,-153493682900.43243,0.0,0.0,0.0,0.0,0.0,0.0,0.0,0.0,0.0,-3828772.9998099064,0.0,0.0,0.0,0.0,21820373937.599113,102.39517710494158,1932.1646442359504,1.0239517710494156e-06,1.93216464423595e-05,4.827993507158833e+22,3.2398704587756165e+22,5.497784307007748e+22,1.2611632290261717e+22,-6.385310724508784e+23,4827993507.158832,3239870458.775617,1649335292.1023238,3783489687.078513,-127706214490.17567,-16694425.751964172,-8111985.734795738,-3385691.4840746117,-17763413.657014396,-247.27446343351045,0.0,0.0,0.0,0.0,0.0,0.0,0.0,0.0,0.0,-153493682900.43243,4844687932.910517,3247982444.510408,1652806469.5094988,3801253100.890581,3967094719.932032,0.0,0.0,0.0,0.0,0.0,0.0,0.0,0.0,0.0,21820373937.599113
1.176,-1,-1,1,1940.224417797964,8.775506991329596,1.9402244177979636e-05,8.775506991329594e-08,4.827984623888055e+22,3.240129294661443e+22,5.497782120256787e+22,1.2611023460615372e+22,-6.702630674892983e+23,4827984623.888054,3240129294.6614437,1649334636.0770352,3783307038.18461,-134052613497.85963,-16702839.634537837,-7853150.50585167,-3386310.5507865143,-17935514.636837948,-254.17477369133576,0.0,0.0,0.0,0.0,-138023497407.43607,0.0,0.0,0.0,0.0,0.0,4844687463.522316,3247982445.16729,1652806453.1062546,3801242552.978316,3967094719.9271474,0.0,0.0,0.0,0.0,3789443.824015144,0.0,0.0,0.0,0.0,0.0,0.0,0.0,0.0,0.0,0.0,7.4241423956268556e-06,139.23015669464505,6.6008044190441964e-34,1.1204375080711744e-26,3789346.608275222,0.0,0.0,0.0,0.0,0.0,2844659.245487484,226984.67156219305,2.5272047681952e-22,1.8265901321827767e-23,21817468444.12365,0.0,0.0,0.0,0.0,0.0,4845058756.366291,3247676215.715055,1652922772.8063567,3802443809.3699784,3967520192.6542277,0.0,0.0,0.0,0.0,0.0,0.0,0.0,0.0,-388519763946.5333,0.0,0.0,0.0,0.0,-0.07770395278930664,0.0,0.0,0.0,0.0,0.0,0.0,0.0,0.0,0.0,138023497407.43607,0.0,0.0,0.0,0.0,-159840247892.77463,0.0,0.0,0.0,0.0,0.0,0.0,0.0,0.0,0.0,-3789443.824015144,0.0,0.0,0.0,0.0,21820539929.084896,103.31299560061993,2034.7619064071712,1.0331299560061992e-06,2.034761906407171e-05,4.827984623888055e+22,3.240129294661443e+22,5.497782120256787e+22,1.2611023460615372e+22,-6.702630674896867e+23,4827984623.888054,3240129294.6614437,1649334636.0770352,3783307038.18461,-134052613497.9373,-16702839.634537837,-7853150.50585167,-3386310.5507865143,-17935514.636837948,-254.17477369133576,0.0,0.0,0.0,0.0,0.0,0.0,0.0,0.0,0.0,-159840247892.77463,4844687463.522316,3247982445.16729,1652806453.1062546,3801242552.978316,3967094719.9271474,0.0,0.0,0.0,0.0,0.0,0.0,0.0,0.0,0.0,21820539929.084896
1.2,-1,-1,1,2043.5060881034756,8.775402883599016,2.043506088103475e-05,8.775402883599014e-08,4.827975975742992e+22,3.2403818958598273e+22,5.497779823261992e+22,1.2610473081075543e+22,-7.024951681896502e+23,4827975975.742992,3240381895.8598275,1649333946.978597,3783141924.3226614,-140499033637.93002,-16711031.146373227,-7600549.84690337,-3386960.8274762677,-18091006.26707522,-262.0376742156129,0.0,0.0,0.0,0.0,-144469878159.3214,0.0,0.0,0.0,0.0,0.0,4844687006.889084,3247982445.7067256,1652806435.8725839,3801232930.7482605,3967094719.922387,0.0,0.0,0.0,0.0,3750063.5066641797,0.0,0.0,0.0,0.0,0.0,0.0,0.0,0.0,0.0,0.0,7.699388186702423e-06,126.63906610566764,6.84523375801909e-34,1.0191055924994814e-26,3749980.8442962244,0.0,0.0,0.0,0.0,0.0,2844659.245484355,227034.89213476895,2.52720476819242e-22,1.8269943007869446e-23,21817634605.080585,0.0,0.0,0.0,0.0,0.0,4845058756.366284,3247676215.7150526,1652922772.8063562,3802443809.3699756,3967520192.6542225,0.0,0.0,0.0,0.0,0.0,0.0,0.0,0.0,-874533653259.2776,0.0,0.0,0.0,0.0,-0.17490673065185547,0.0,0.0,0.0,0.0,0.0,0.0,0.0,0.0,0.0,144469878159.3214,0.0,0.0,0.0,0.0,-166286834229.84116,0.0,0.0,0.0,0.0,0.0,0.0,0.0,0.0,0.0,-3750063.5066641797,0.0,0.0,0.0,0.0,21820706133.85144,104.1493349979681,2138.880020217769,1.0414933499796809e-06,2.138880020217769e-05,4.827975975742992e+22,3.2403818958598273e+22,5.497779823261992e+22,1.2610473081075543e+22,-7.024951681905248e+23,4827975975.742992,3240381895.8598275,1649333946.978597,3783141924.3226614,-140499033638.10492,-16711031.146373227,-7600549.84690337,-3386960.8274762677,-18091006.26707522,-262.0376742156129,0.0,0.0,0.0,0.0,0.0,0.0,0.0,0.0,0.0,-166286834229.84116,4844687006.889084,3247982445.7067256,1652806435.8725839,3801232930.7482605,3967094719.922387,0.0,0.0,0.0,0.0,0.0,0.0,0.0,0.0,0.0,21820706133.85144
